0,0,0,0,0,0,0,0,0,0,0,0,0,0,0,0,0,0,0,0,0,0,0,0,,,,,,,,,,,,,,,,,,,,,,,,,,,,,,,,,,,,,,,,,,,,,,,,,,,,,,,,,,,,,,,,,,,,,,,,,,,,,,,,,,,,,,,,,,,,,,,,,,,,,,,,,,,,,,,,,,,,,,,,,,,,,,,,,,,,,,,,,,,,,,,,,,,,,,,,,,,,,,,,,,,,,,,,,,,,,,,,,,,,,,,,,,,,,,,,,,,,,,,,,
0.099954214,0,0.099984413,4.09E-06,0.100007823,4.91E-06,0.100013687,2.05E-05,0.100007689,2.51E-05,0.100000704,2.80E-05,0.100017836,4.35E-06,0.10001671,4.20E-06,0.100015661,3.77E-06,0.10001476,3.08E-06,0.100014069,2.17E-06,0.100013634,1.13E-06,,,,,,,,,,,,,,,,,,,,,,,,,,,,,,,,,,,,,,,,,,,,,,,,,,,,,,,,,,,,,,,,,,,,,,,,,,,,,,,,,,,,,,,,,,,,,,,,,,,,,,,,,,,,,,,,,,,,,,,,,,,,,,,,,,,,,,,,,,,,,,,,,,,,,,,,,,,,,,,,,,,,,,,,,,,,,,,,,,,,,,,,,,,,,,,,,,,,,,,,,
0.199937494,0,0.200007951,1.24E-05,0.200015772,4.64E-06,0.200036922,2.39E-05,0.200029923,2.93E-05,0.200021772,3.26E-05,0.20003725,-1.57E-05,0.200041317,-1.52E-05,0.200045107,-1.36E-05,0.200048362,-1.11E-05,0.200050859,-7.86E-06,0.200052429,-4.07E-06,,,,,,,,,,,,,,,,,,,,,,,,,,,,,,,,,,,,,,,,,,,,,,,,,,,,,,,,,,,,,,,,,,,,,,,,,,,,,,,,,,,,,,,,,,,,,,,,,,,,,,,,,,,,,,,,,,,,,,,,,,,,,,,,,,,,,,,,,,,,,,,,,,,,,,,,,,,,,,,,,,,,,,,,,,,,,,,,,,,,,,,,,,,,,,,,,,,,,,,,,"(18.66025403784439, 4.999999999999999)"
0.299963193,0,0.30003751,1.46E-05,0.300017935,-1.90E-07,0.300045054,8.47E-06,0.300042572,1.04E-05,0.300039681,1.16E-05,0.300039643,-3.71E-05,0.300049257,-3.59E-05,0.300058215,-3.22E-05,0.300065908,-2.63E-05,0.300071811,-1.86E-05,0.300075522,-9.61E-06,,,,,,,,,,,,,,,,,,,,,,,,,,,,,,,,,,,,,,,,,,,,,,,,,,,,,,,,,,,,,,,,,,,,,,,,,,,,,,,,,,,,,,,,,,,,,,,,,,,,,,,,,,,,,,,,,,,,,,,,,,,,,,,,,,,,,,,,,,,,,,,,,,,,,,,,,,,,,,,,,,,,,,,,,,,,,,,,,,,,,,,,,,,,,,,,,,,,,,,,,
0.399997427,0,0.400045348,9.34E-06,0.400013454,-6.05E-06,0.40003378,-9.60E-06,0.400036591,-1.18E-05,0.400039864,-1.31E-05,0.400024507,-4.13E-05,0.400035207,-3.99E-05,0.400045178,-3.58E-05,0.40005374,-2.92E-05,0.40006031,-2.07E-05,0.40006444,-1.07E-05,,,,,,,,,,,,,,,,,,,,,,,,,,,,,,,,,,,,,,,,,,,,,,,,,,,,,,,,,,,,,,,,,,,,,,,,,,,,,,,,,,,,,,,,,,,,,,,,,,,,,,,,,,,,,,,,,,,,,,,,,,,,,,,,,,,,,,,,,,,,,,,,,,,,,,,,,,,,,,,,,,,,,,,,,,,,,,,,,,,,,,,,,,,,,,,,,,,,,,,,,
0.500009742,0,0.500030822,2.34E-06,0.500005573,-9.46E-06,0.50001515,-1.58E-05,0.500019782,-1.94E-05,0.500025175,-2.16E-05,0.500004545,-2.78E-05,0.500011741,-2.69E-05,0.500018447,-2.41E-05,0.500024206,-1.97E-05,0.500028625,-1.39E-05,0.500031402,-7.20E-06,,,,,,,,,,,,,,,,,,,,,,,,,,,,,,,,,,,,,,,,,,,,,,,,,,,,,,,,,,,,,,,,,,,,,,,,,,,,,,,,,,,,,,,,,,,,,,,,,,,,,,,,,,,,,,,,,,,,,,,,,,,,,,,,,,,,,,,,,,,,,,,,,,,,,,,,,,,,,,,,,,,,,,,,,,,,,,,,,,,,,,,,,,,,,,,,,,,,,,,,,
0.599997754,0,0.600010957,-5.80E-07,0.599998671,-9.02E-06,0.600003081,-8.43E-06,0.600005549,-1.03E-05,0.600008423,-1.15E-05,0.599993022,-9.24E-06,0.599995415,-8.93E-06,0.599997644,-8.01E-06,0.599999558,-6.54E-06,0.600001027,-4.62E-06,0.600001951,-2.39E-06,,,,,,,,,,,,,,,,,,,,,,,,,,,,,,,,,,,,,,,,,,,,,,,,,,,,,,,,,,,,,,,,,,,,,,,,,,,,,,,,,,,,,,,,,,,,,,,,,,,,,,,,,,,,,,,,,,,,,,,,,,,,,,,,,,,,,,,,,,,,,,,,,,,,,,,,,,,,,,,,,,,,,,,,,,,,,,,,,,,,,,,,,,,,,,,,,,,,,,,,,
0.699978713,0,0.700001592,1.78E-06,0.699995611,-5.71E-06,0.700003181,3.97E-06,0.700002018,4.87E-06,0.700000663,5.43E-06,0.699994812,1.07E-06,0.699994536,1.03E-06,0.699994278,9.26E-07,0.699994056,7.56E-07,0.699993886,5.35E-07,0.699993779,2.77E-07,,,,,,,,,,,,,,,,,,,,,,,,,,,,,,,,,,,,,,,,,,,,,,,,,,,,,,,,,,,,,,,,,,,,,,,,,,,,,,,,,,,,,,,,,,,,,,,,,,,,,,,,,,,,,,,,,,,,,,,,,,,,,,,,,,,,,,,,,,,,,,,,,,,,,,,,,,,,,,,,,,,,,,,,,,,,,,,,,,,,,,,,,,,,,,,,,,,,,,,,,
0.799969862,0,0.800006745,6.48E-06,0.799996686,-1.80E-06,0.800011772,1.13E-05,0.800008448,1.39E-05,0.800004577,1.55E-05,0.800005546,-1.75E-06,0.800005999,-1.69E-06,0.800006421,-1.51E-06,0.800006783,-1.24E-06,0.800007061,-8.74E-07,0.800007236,-4.53E-07,,,,,,,,,,,,,,,,,,,,,,,,,,,,,,,,,,,,,,,,,,,,,,,,,,,,,,,,,,,,,,,,,,,,,,,,,,,,,,,,,,,,,,,,,,,,,,,,,,,,,,,,,,,,,,,,,,,,,,,,,,,,,,,,,,,,,,,,,,,,,,,,,,,,,,,,,,,,,,,,,,,,,,,,,,,,,,,,,,,,,,,,,,,,,,,,,,,,,,,,,
0.899976478,0,0.900019805,9.64E-06,0.900000149,6.02E-07,0.900020992,9.22E-06,0.900018292,1.13E-05,0.900015147,1.26E-05,0.900016559,-1.33E-05,0.900020012,-1.29E-05,0.900023229,-1.16E-05,0.900025992,-9.43E-06,0.900028112,-6.67E-06,0.900029444,-3.45E-06,,,,,,,,,,,,,,,,,,,,,,,,,,,,,,,,,,,,,,,,,,,,,,,,,,,,,,,,,,,,,,,,,,,,,,,,,,,,,,,,,,,,,,,,,,,,,,,,,,,,,,,,,,,,,,,,,,,,,,,,,,,,,,,,,,,,,,,,,,,,,,,,,,,,,,,,,,,,,,,,,,,,,,,,,,,,,,,,,,,,,,,,,,,,,,,,,,,,,,,,,
0.999992296,0,1.000030953,9.24E-06,1.000003553,5.47E-07,1.000024601,-2.51E-08,1.000024608,-3.07E-08,1.000024617,-3.42E-08,1.000020847,-2.50E-05,1.00002733,-2.42E-05,1.000033371,-2.17E-05,1.000038559,-1.77E-05,1.00004254,-1.25E-05,1.000045042,-6.48E-06,,,,,,,,,,,,,,,,,,,,,,,,,,,,,,,,,,,,,,,,,,,,,,,,,,,,,,,,,,,,,,,,,,,,,,,,,,,,,,,,,,,,,,,,,,,,,,,,,,,,,,,,,,,,,,,,,,,,,,,,,,,,,,,,,,,,,,,,,,,,,,,,,,,,,,,,,,,,,,,,,,,,,,,,,,,,,,,,,,,,,,,,,,,,,,,,,,,,,,,,,
1.100006965,0,1.100033911,5.85E-06,1.100005042,-1.57E-06,1.100020958,-1.03E-05,1.100023966,-1.26E-05,1.10002747,-1.40E-05,1.100016437,-2.99E-05,1.100024171,-2.89E-05,1.100031378,-2.59E-05,1.100037567,-2.11E-05,1.100042316,-1.49E-05,1.100045301,-7.73E-06,,,,,,,,,,,,,,,,,,,,,,,,,,,,,,,,,,,,,,,,,,,,,,,,,,,,,,,,,,,,,,,,,,,,,,,,,,,,,,,,,,,,,,,,,,,,,,,,,,,,,,,,,,,,,,,,,,,,,,,,,,,,,,,,,,,,,,,,,,,,,,,,,,,,,,,,,,,,,,,,,,,,,,,,,,,,,,,,,,,,,,,,,,,,,,,,,,,,,,,,,
1.20001333,0,1.200028428,1.69E-06,1.200004012,-4.47E-06,1.200012608,-1.60E-05,1.200017306,-1.96E-05,1.200022776,-2.19E-05,1.200006223,-2.59E-05,1.200012921,-2.50E-05,1.200019162,-2.24E-05,1.200024522,-1.83E-05,1.200028635,-1.29E-05,1.20003122,-6.70E-06,,,,,,,,,,,,,,,,,,,,,,,,,,,,,,,,,,,,,,,,,,,,,,,,,,,,,,,,,,,,,,,,,,,,,,,,,,,,,,,,,,,,,,,,,,,,,,,,,,,,,,,,,,,,,,,,,,,,,,,,,,,,,,,,,,,,,,,,,,,,,,,,,,,,,,,,,,,,,,,,,,,,,,,,,,,,,,,,,,,,,,,,,,,,,,,,,,,,,,,,,
1.300010482,0,1.300018717,-1.08E-06,1.300001069,-6.75E-06,1.300003882,-1.52E-05,1.300008346,-1.87E-05,1.300013544,-2.08E-05,1.299995425,-1.59E-05,1.299999552,-1.54E-05,1.300003398,-1.38E-05,1.3000067,-1.13E-05,1.300009234,-7.97E-06,1.300010827,-4.13E-06,,,,,,,,,,,,,,,,,,,,,,,,,,,,,,,,,,,,,,,,,,,,,,,,,,,,,,,,,,,,,,,,,,,,,,,,,,,,,,,,,,,,,,,,,,,,,,,,,,,,,,,,,,,,,,,,,,,,,,,,,,,,,,,,,,,,,,,,,,,,,,,,,,,,,,,,,,,,,,,,,,,,,,,,,,,,,,,,,,,,,,,,,,,,,,,,,,,,,,,,,
1.400002471,0,1.400010093,-1.41E-06,1.399997499,-7.50E-06,1.399998347,-9.47E-06,1.400001121,-1.16E-05,1.400004351,-1.29E-05,1.399988611,-5.31E-06,1.399989987,-5.13E-06,1.399991268,-4.60E-06,1.399992369,-3.76E-06,1.399993213,-2.66E-06,1.399993744,-1.38E-06,,,,,,,,,,,,,,,,,,,,,,,,,,,,,,,,,,,,,,,,,,,,,,,,,,,,,,,,,,,,,,,,,,,,,,,,,,,,,,,,,,,,,,,,,,,,,,,,,,,,,,,,,,,,,,,,,,,,,,,,,,,,,,,,,,,,,,,,,,,,,,,,,,,,,,,,,,,,,,,,,,,,,,,,,,,,,,,,,,,,,,,,,,,,,,,,,,,,,,,,,
1.499994905,0,1.500006102,3.22E-07,1.499994604,-6.56E-06,1.499997369,-2.37E-06,1.499998063,-2.90E-06,1.499998871,-3.24E-06,1.499987773,1.44E-06,1.499987401,1.39E-06,1.499987054,1.25E-06,1.499986756,1.02E-06,1.499986528,7.19E-07,1.499986384,3.72E-07,,,,,,,,,,,,,,,,,,,,,,,,,,,,,,,,,,,,,,,,,,,,,,,,,,,,,,,,,,,,,,,,,,,,,,,,,,,,,,,,,,,,,,,,,,,,,,,,,,,,,,,,,,,,,,,,,,,,,,,,,,,,,,,,,,,,,,,,,,,,,,,,,,,,,,,,,,,,,,,,,,,,,,,,,,,,,,,,,,,,,,,,,,,,,,,,,,,,,,,,,
1.599991824,0,1.600007335,2.82E-06,1.599993201,-4.48E-06,1.600000059,2.52E-06,1.599999322,3.08E-06,1.599998463,3.44E-06,1.599992011,2.31E-06,1.599991414,2.23E-06,1.599990858,2.00E-06,1.59999038,1.63E-06,1.599990013,1.15E-06,1.599989782,5.97E-07,,,,,,,,,,,,,,,,,,,,,,,,,,,,,,,,,,,,,,,,,,,,,,,,,,,,,,,,,,,,,,,,,,,,,,,,,,,,,,,,,,,,,,,,,,,,,,,,,,,,,,,,,,,,,,,,,,,,,,,,,,,,,,,,,,,,,,,,,,,,,,,,,,,,,,,,,,,,,,,,,,,,,,,,,,,,,,,,,,,,,,,,,,,,,,,,,,,,,,,,,
1.699994243,0,1.700011923,4.72E-06,1.699993431,-2.10E-06,1.700004206,3.31E-06,1.700003235,4.06E-06,1.700002105,4.53E-06,1.699998525,-1.82E-06,1.699998995,-1.76E-06,1.699999433,-1.57E-06,1.699999809,-1.28E-06,1.700000098,-9.09E-07,1.70000028,-4.70E-07,,,,,,,,,,,,,,,,,,,,,,,,,,,,,,,,,,,,,,,,,,,,,,,,,,,,,,,,,,,,,,,,,,,,,,,,,,,,,,,,,,,,,,,,,,,,,,,,,,,,,,,,,,,,,,,,,,,,,,,,,,,,,,,,,,,,,,,,,,,,,,,,,,,,,,,,,,,,,,,,,,,,,,,,,,,,,,,,,,,,,,,,,,,,,,,,,,,,,,,,,
1.800000473,0,1.800016963,5.14E-06,1.799994852,-2.52E-07,1.800007496,2.55E-07,1.800007421,3.12E-07,1.800007334,3.48E-07,1.800004135,-8.14E-06,1.800006243,-7.87E-06,1.800008207,-7.05E-06,1.800009894,-5.76E-06,1.800011188,-4.07E-06,1.800012002,-2.11E-06,,,,,,,,,,,,,,,,,,,,,,,,,,,,,,,,,,,,,,,,,,,,,,,,,,,,,,,,,,,,,,,,,,,,,,,,,,,,,,,,,,,,,,,,,,,,,,,,,,,,,,,,,,,,,,,,,,,,,,,,,,,,,,,,,,,,,,,,,,,,,,,,,,,,,,,,,,,,,,,,,,,,,,,,,,,,,,,,,,,,,,,,,,,,,,,,,,,,,,,,,
1.90000753,0,1.900019976,4.03E-06,1.899996718,5.67E-07,1.900008451,-4.86E-06,1.900009875,-5.95E-06,1.900011532,-6.64E-06,1.900006603,-1.35E-05,1.900010098,-1.30E-05,1.900013356,-1.17E-05,1.900016153,-9.55E-06,1.9000183,-6.75E-06,1.900019649,-3.50E-06,,,,,,,,,,,,,,,,,,,,,,,,,,,,,,,,,,,,,,,,,,,,,,,,,,,,,,,,,,,,,,,,,,,,,,,,,,,,,,,,,,,,,,,,,,,,,,,,,,,,,,,,,,,,,,,,,,,,,,,,,,,,,,,,,,,,,,,,,,,,,,,,,,,,,,,,,,,,,,,,,,,,,,,,,,,,,,,,,,,,,,,,,,,,,,,,,,,,,,,,,
2.000012676,0,2.000019801,1.96E-06,1.999998296,3.04E-07,2.0000068,-9.71E-06,2.000009644,-1.19E-05,2.000012957,-1.33E-05,2.000005281,-1.57E-05,2.000009338,-1.51E-05,2.000013118,-1.36E-05,2.000016364,-1.11E-05,2.000018855,-7.84E-06,2.000020421,-4.06E-06,,,,,,,,,,,,,,,,,,,,,,,,,,,,,,,,,,,,,,,,,,,,,,,,,,,,,,,,,,,,,,,,,,,,,,,,,,,,,,,,,,,,,,,,,,,,,,,,,,,,,,,,,,,,,,,,,,,,,,,,,,,,,,,,,,,,,,,,,,,,,,,,,,,,,,,,,,,,,,,,,,,,,,,,,,,,,,,,,,,,,,,,,,,,,,,,,,,,,,,,,
2.100014457,0,2.100016734,-2.08E-07,2.099999098,-7.28E-07,2.100003301,-1.25E-05,2.100006956,-1.53E-05,2.100011211,-1.70E-05,2.100001034,-1.40E-05,2.100004659,-1.35E-05,2.100008038,-1.21E-05,2.100010939,-9.90E-06,2.100013165,-7.00E-06,2.100014564,-3.63E-06,,,,,,,,,,,,,,,,,,,,,,,,,,,,,,,,,,,,,,,,,,,,,,,,,,,,,,,,,,,,,,,,,,,,,,,,,,,,,,,,,,,,,,,,,,,,,,,,,,,,,,,,,,,,,,,,,,,,,,,,,,,,,,,,,,,,,,,,,,,,,,,,,,,,,,,,,,,,,,,,,,,,,,,,,,,,,,,,,,,,,,,,,,,,,,,,,,,,,,,,,
2.20001296,0,2.200012083,-1.73E-06,2.199998988,-2.01E-06,2.199999247,-1.24E-05,2.200002879,-1.52E-05,2.200007107,-1.69E-05,2.199995632,-9.38E-06,2.199998059,-9.06E-06,2.200000321,-8.12E-06,2.200002264,-6.63E-06,2.200003754,-4.69E-06,2.200004691,-2.43E-06,,,,,,,,,,,,,,,,,,,,,,,,,,,,,,,,,,,,,,,,,,,,,,,,,,,,,,,,,,,,,,,,,,,,,,,,,,,,,,,,,,,,,,,,,,,,,,,,,,,,,,,,,,,,,,,,,,,,,,,,,,,,,,,,,,,,,,,,,,,,,,,,,,,,,,,,,,,,,,,,,,,,,,,,,,,,,,,,,,,,,,,,,,,,,,,,,,,,,,,,,
2.300009427,0,2.30000747,-2.20E-06,2.299998148,-3.04E-06,2.299995896,-9.86E-06,2.299998784,-1.21E-05,2.300002148,-1.35E-05,2.299990967,-3.57E-06,2.29999189,-3.44E-06,2.29999275,-3.09E-06,2.299993489,-2.52E-06,2.299994056,-1.78E-06,2.299994412,-9.23E-07,,,,,,,,,,,,,,,,,,,,,,,,,,,,,,,,,,,,,,,,,,,,,,,,,,,,,,,,,,,,,,,,,,,,,,,,,,,,,,,,,,,,,,,,,,,,,,,,,,,,,,,,,,,,,,,,,,,,,,,,,,,,,,,,,,,,,,,,,,,,,,,,,,,,,,,,,,,,,,,,,,,,,,,,,,,,,,,,,,,,,,,,,,,,,,,,,,,,,,,,,
2.400005548,0,2.40000419,-1.68E-06,2.399996957,-3.47E-06,2.399994057,-6.03E-06,2.399995824,-7.39E-06,2.399997881,-8.24E-06,2.399988399,1.53E-06,2.399988002,1.48E-06,2.399987633,1.33E-06,2.399987316,1.08E-06,2.399987073,7.65E-07,2.39998692,3.96E-07,,,,,,,,,,,,,,,,,,,,,,,,,,,,,,,,,,,,,,,,,,,,,,,,,,,,,,,,,,,,,,,,,,,,,,,,,,,,,,,,,,,,,,,,,,,,,,,,,,,,,,,,,,,,,,,,,,,,,,,,,,,,,,,,,,,,,,,,,,,,,,,,,,,,,,,,,,,,,,,,,,,,,,,,,,,,,,,,,,,,,,,,,,,,,,,,,,,,,,,,,
2.500002778,0,2.500002847,-5.19E-07,2.499995841,-3.18E-06,2.499993924,-2.31E-06,2.4999946,-2.83E-06,2.499995387,-3.15E-06,2.49998841,4.55E-06,2.499987233,4.39E-06,2.499986136,3.94E-06,2.499985194,3.22E-06,2.499984472,2.27E-06,2.499984017,1.18E-06,,,,,,,,,,,,,,,,,,,,,,,,,,,,,,,,,,,,,,,,,,,,,,,,,,,,,,,,,,,,,,,,,,,,,,,,,,,,,,,,,,,,,,,,,,,,,,,,,,,,,,,,,,,,,,,,,,,,,,,,,,,,,,,,,,,,,,,,,,,,,,,,,,,,,,,,,,,,,,,,,,,,,,,,,,,,,,,,,,,,,,,,,,,,,,,,,,,,,,,,,
2.600001897,0,2.600003308,7.50E-07,2.599995137,-2.30E-06,2.599995138,1.83E-07,2.599995084,2.24E-07,2.599995022,2.49E-07,2.599990618,4.99E-06,2.599989326,4.82E-06,2.599988121,4.32E-06,2.599987087,3.53E-06,2.599986293,2.50E-06,2.599985795,1.29E-06,,,,,,,,,,,,,,,,,,,,,,,,,,,,,,,,,,,,,,,,,,,,,,,,,,,,,,,,,,,,,,,,,,,,,,,,,,,,,,,,,,,,,,,,,,,,,,,,,,,,,,,,,,,,,,,,,,,,,,,,,,,,,,,,,,,,,,,,,,,,,,,,,,,,,,,,,,,,,,,,,,,,,,,,,,,,,,,,,,,,,,,,,,,,,,,,,,,,,,,,,
2.700002904,0,2.700004901,1.67E-06,2.699995013,-1.10E-06,2.699997012,8.91E-07,2.699996751,1.09E-06,2.699996447,1.22E-06,2.699994051,3.25E-06,2.69999321,3.14E-06,2.699992427,2.81E-06,2.699991754,2.30E-06,2.699991238,1.62E-06,2.699990914,8.41E-07,,,,,,,,,,,,,,,,,,,,,,,,,,,,,,,,,,,,,,,,,,,,,,,,,,,,,,,,,,,,,,,,,,,,,,,,,,,,,,,,,,,,,,,,,,,,,,,,,,,,,,,,,,,,,,,,,,,,,,,,,,,,,,,,,,,,,,,,,,,,,,,,,,,,,,,,,,,,,,,,,,,,,,,,,,,,,,,,,,,,,,,,,,,,,,,,,,,,,,,,,
2.800005186,0,2.800006739,1.96E-06,2.799995459,9.78E-08,2.799998805,-8.86E-08,2.79999883,-1.09E-07,2.799998861,-1.21E-07,2.79999754,2.79E-07,2.799997467,2.69E-07,2.7999974,2.41E-07,2.799997343,1.97E-07,2.799997298,1.39E-07,2.79999727,7.21E-08,,,,,,,,,,,,,,,,,,,,,,,,,,,,,,,,,,,,,,,,,,,,,,,,,,,,,,,,,,,,,,,,,,,,,,,,,,,,,,,,,,,,,,,,,,,,,,,,,,,,,,,,,,,,,,,,,,,,,,,,,,,,,,,,,,,,,,,,,,,,,,,,,,,,,,,,,,,,,,,,,,,,,,,,,,,,,,,,,,,,,,,,,,,,,,,,,,,,,,,,,
2.90000784,0,2.900008036,1.60E-06,2.899996316,1.01E-06,2.899999942,-2.17E-06,2.900000576,-2.65E-06,2.900001315,-2.96E-06,2.900000094,-2.75E-06,2.900000806,-2.66E-06,2.90000147,-2.38E-06,2.900002039,-1.94E-06,2.900002476,-1.38E-06,2.900002751,-7.12E-07,,,,,,,,,,,,,,,,,,,,,,,,,,,,,,,,,,,,,,,,,,,,,,,,,,,,,,,,,,,,,,,,,,,,,,,,,,,,,,,,,,,,,,,,,,,,,,,,,,,,,,,,,,,,,,,,,,,,,,,,,,,,,,,,,,,,,,,,,,,,,,,,,,,,,,,,,,,,,,,,,,,,,,,,,,,,,,,,,,,,,,,,,,,,,,,,,,,,,,,,,
3.000010007,0,3.000008318,7.54E-07,2.999997351,1.47E-06,3.000000149,-4.52E-06,3.000001474,-5.54E-06,3.000003017,-6.18E-06,3.000001152,-4.85E-06,3.000002408,-4.69E-06,3.000003578,-4.20E-06,3.000004584,-3.43E-06,3.000005355,-2.43E-06,3.00000584,-1.26E-06,,,,,,,,,,,,,,,,,,,,,,,,,,,,,,,,,,,,,,,,,,,,,,,,,,,,,,,,,,,,,,,,,,,,,,,,,,,,,,,,,,,,,,,,,,,,,,,,,,,,,,,,,,,,,,,,,,,,,,,,,,,,,,,,,,,,,,,,,,,,,,,,,,,,,,,,,,,,,,,,,,,,,,,,,,,,,,,,,,,,,,,,,,,,,,,,,,,,,,,,,
3.100011112,0,3.100007495,-2.93E-07,3.099998323,1.47E-06,3.099999467,-6.39E-06,3.100001339,-7.83E-06,3.100003519,-8.73E-06,3.100000654,-5.47E-06,3.100002069,-5.28E-06,3.100003388,-4.74E-06,3.100004521,-3.87E-06,3.10000539,-2.73E-06,3.100005936,-1.42E-06,,,,,,,,,,,,,,,,,,,,,,,,,,,,,,,,,,,,,,,,,,,,,,,,,,,,,,,,,,,,,,,,,,,,,,,,,,,,,,,,,,,,,,,,,,,,,,,,,,,,,,,,,,,,,,,,,,,,,,,,,,,,,,,,,,,,,,,,,,,,,,,,,,,,,,,,,,,,,,,,,,,,,,,,,,,,,,,,,,,,,,,,,,,,,,,,,,,,,,,,,
3.20001098,0,3.200005809,-1.24E-06,3.199999053,1.08E-06,3.199998176,-7.26E-06,3.200000302,-8.89E-06,3.200002777,-9.91E-06,3.199998973,-4.54E-06,3.200000149,-4.39E-06,3.200001244,-3.93E-06,3.200002185,-3.21E-06,3.200002906,-2.27E-06,3.20000336,-1.18E-06,,,,,,,,,,,,,,,,,,,,,,,,,,,,,,,,,,,,,,,,,,,,,,,,,,,,,,,,,,,,,,,,,,,,,,,,,,,,,,,,,,,,,,,,,,,,,,,,,,,,,,,,,,,,,,,,,,,,,,,,,,,,,,,,,,,,,,,,,,,,,,,,,,,,,,,,,,,,,,,,,,,,,,,,,,,,,,,,,,,,,,,,,,,,,,,,,,,,,,,,,
3.300009797,0,3.300003705,-1.85E-06,3.299999448,4.93E-07,3.29999668,-6.96E-06,3.299998719,-8.52E-06,3.300001092,-9.51E-06,3.29999674,-2.45E-06,3.299997374,-2.36E-06,3.299997964,-2.12E-06,3.299998471,-1.73E-06,3.299998859,-1.22E-06,3.299999104,-6.33E-07,,,,,,,,,,,,,,,,,,,,,,,,,,,,,,,,,,,,,,,,,,,,,,,,,,,,,,,,,,,,,,,,,,,,,,,,,,,,,,,,,,,,,,,,,,,,,,,,,,,,,,,,,,,,,,,,,,,,,,,,,,,,,,,,,,,,,,,,,,,,,,,,,,,,,,,,,,,,,,,,,,,,,,,,,,,,,,,,,,,,,,,,,,,,,,,,,,,,,,,,,
3.400007997,0,3.400001666,-2.02E-06,3.399999512,-1.09E-07,3.399995374,-5.67E-06,3.399997035,-6.94E-06,3.399998969,-7.75E-06,3.399994634,1.83E-07,3.399994587,1.77E-07,3.399994543,1.59E-07,3.399994505,1.30E-07,3.399994476,9.17E-08,3.399994457,4.75E-08,,,,,,,,,,,,,,,,,,,,,,,,,,,,,,,,,,,,,,,,,,,,,,,,,,,,,,,,,,,,,,,,,,,,,,,,,,,,,,,,,,,,,,,,,,,,,,,,,,,,,,,,,,,,,,,,,,,,,,,,,,,,,,,,,,,,,,,,,,,,,,,,,,,,,,,,,,,,,,,,,,,,,,,,,,,,,,,,,,,,,,,,,,,,,,,,,,,,,,,,,
3.500006091,0,3.500000087,-1.78E-06,3.499999324,-5.58E-07,3.499994546,-3.80E-06,3.499995658,-4.65E-06,3.499996952,-5.18E-06,3.499993203,2.67E-06,3.499992513,2.58E-06,3.499991869,2.31E-06,3.499991317,1.89E-06,3.499990893,1.33E-06,3.499990626,6.91E-07,,,,,,,,,,,,,,,,,,,,,,,,,,,,,,,,,,,,,,,,,,,,,,,,,,,,,,,,,,,,,,,,,,,,,,,,,,,,,,,,,,,,,,,,,,,,,,,,,,,,,,,,,,,,,,,,,,,,,,,,,,,,,,,,,,,,,,,,,,,,,,,,,,,,,,,,,,,,,,,,,,,,,,,,,,,,,,,,,,,,,,,,,,,,,,,,,,,,,,,,,
3.600004527,0,3.599999185,-1.25E-06,3.599999009,-7.52E-07,3.599994327,-1.83E-06,3.599994863,-2.24E-06,3.599995486,-2.50E-06,3.599992751,4.46E-06,3.599991597,4.31E-06,3.599990521,3.86E-06,3.599989598,3.15E-06,3.599988889,2.23E-06,3.599988444,1.15E-06,,,,,,,,,,,,,,,,,,,,,,,,,,,,,,,,,,,,,,,,,,,,,,,,,,,,,,,,,,,,,,,,,,,,,,,,,,,,,,,,,,,,,,,,,,,,,,,,,,,,,,,,,,,,,,,,,,,,,,,,,,,,,,,,,,,,,,,,,,,,,,,,,,,,,,,,,,,,,,,,,,,,,,,,,,,,,,,,,,,,,,,,,,,,,,,,,,,,,,,,,
3.700003586,0,3.699998981,-6.04E-07,3.699998697,-6.66E-07,3.699994686,-2.12E-07,3.699994748,-2.60E-07,3.69999482,-2.90E-07,3.699993302,5.25E-06,3.699991943,5.07E-06,3.699990676,4.55E-06,3.699989589,3.71E-06,3.699988754,2.63E-06,3.69998823,1.36E-06,,,,,,,,,,,,,,,,,,,,,,,,,,,,,,,,,,,,,,,,,,,,,,,,,,,,,,,,,,,,,,,,,,,,,,,,,,,,,,,,,,,,,,,,,,,,,,,,,,,,,,,,,,,,,,,,,,,,,,,,,,,,,,,,,,,,,,,,,,,,,,,,,,,,,,,,,,,,,,,,,,,,,,,,,,,,,,,,,,,,,,,,,,,,,,,,,,,,,,,,,
3.800003345,0,3.799999332,-2.11E-08,3.799998495,-3.43E-07,3.799995465,7.61E-07,3.799995242,9.32E-07,3.799994983,1.04E-06,3.799994644,5.02E-06,3.799993345,4.85E-06,3.799992135,4.35E-06,3.799991095,3.55E-06,3.799990297,2.51E-06,3.799989796,1.30E-06,,,,,,,,,,,,,,,,,,,,,,,,,,,,,,,,,,,,,,,,,,,,,,,,,,,,,,,,,,,,,,,,,,,,,,,,,,,,,,,,,,,,,,,,,,,,,,,,,,,,,,,,,,,,,,,,,,,,,,,,,,,,,,,,,,,,,,,,,,,,,,,,,,,,,,,,,,,,,,,,,,,,,,,,,,,,,,,,,,,,,,,,,,,,,,,,,,,,,,,,,
3.900003698,0,3.899999995,3.66E-07,3.899998469,1.24E-07,3.899996442,9.91E-07,3.899996152,1.21E-06,3.899995814,1.35E-06,3.899996415,3.98E-06,3.899995386,3.84E-06,3.899994428,3.44E-06,3.899993604,2.81E-06,3.899992973,1.99E-06,3.899992576,1.03E-06,,,,,,,,,,,,,,,,,,,,,,,,,,,,,,,,,,,,,,,,,,,,,,,,,,,,,,,,,,,,,,,,,,,,,,,,,,,,,,,,,,,,,,,,,,,,,,,,,,,,,,,,,,,,,,,,,,,,,,,,,,,,,,,,,,,,,,,,,,,,,,,,,,,,,,,,,,,,,,,,,,,,,,,,,,,,,,,,,,,,,,,,,,,,,,,,,,,,,,,,,
4.000004417,0,4.000000701,4.90E-07,3.999998633,6.23E-07,3.999997389,5.65E-07,3.999997224,6.92E-07,3.999997031,7.72E-07,3.999998209,2.48E-06,3.999997567,2.40E-06,3.999996969,2.15E-06,3.999996455,1.75E-06,3.99999606,1.24E-06,3.999995812,6.42E-07,,,,,,,,,,,,,,,,,,,,,,,,,,,,,,,,,,,,,,,,,,,,,,,,,,,,,,,,,,,,,,,,,,,,,,,,,,,,,,,,,,,,,,,,,,,,,,,,,,,,,,,,,,,,,,,,,,,,,,,,,,,,,,,,,,,,,,,,,,,,,,,,,,,,,,,,,,,,,,,,,,,,,,,,,,,,,,,,,,,,,,,,,,,,,,,,,,,,,,,,,
4.100005225,0,4.100001225,3.57E-07,4.099998956,1.05E-06,4.099998123,-2.97E-07,4.099998209,-3.63E-07,4.099998311,-4.05E-07,4.099999674,9.43E-07,4.09999943,9.11E-07,4.099999202,8.17E-07,4.099999007,6.67E-07,4.099998857,4.72E-07,4.099998763,2.44E-07,,,,,,,,,,,,,,,,,,,,,,,,,,,,,,,,,,,,,,,,,,,,,,,,,,,,,,,,,,,,,,,,,,,,,,,,,,,,,,,,,,,,,,,,,,,,,,,,,,,,,,,,,,,,,,,,,,,,,,,,,,,,,,,,,,,,,,,,,,,,,,,,,,,,,,,,,,,,,,,,,,,,,,,,,,,,,,,,,,,,,,,,,,,,,,,,,,,,,,,,,
4.200005872,0,4.200001423,3.01E-08,4.19999938,1.33E-06,4.199998538,-1.31E-06,4.199998922,-1.60E-06,4.199999369,-1.79E-06,4.20000058,-2.86E-07,4.200000654,-2.76E-07,4.200000723,-2.48E-07,4.200000782,-2.02E-07,4.200000827,-1.43E-07,4.200000856,-7.40E-08,,,,,,,,,,,,,,,,,,,,,,,,,,,,,,,,,,,,,,,,,,,,,,,,,,,,,,,,,,,,,,,,,,,,,,,,,,,,,,,,,,,,,,,,,,,,,,,,,,,,,,,,,,,,,,,,,,,,,,,,,,,,,,,,,,,,,,,,,,,,,,,,,,,,,,,,,,,,,,,,,,,,,,,,,,,,,,,,,,,,,,,,,,,,,,,,,,,,,,,,,
4.300006185,0,4.300001252,-3.94E-07,4.299999832,1.42E-06,4.299998617,-2.20E-06,4.299999261,-2.70E-06,4.300000012,-3.01E-06,4.300000847,-9.76E-07,4.3000011,-9.43E-07,4.300001335,-8.46E-07,4.300001537,-6.90E-07,4.300001692,-4.88E-07,4.30000179,-2.53E-07,,,,,,,,,,,,,,,,,,,,,,,,,,,,,,,,,,,,,,,,,,,,,,,,,,,,,,,,,,,,,,,,,,,,,,,,,,,,,,,,,,,,,,,,,,,,,,,,,,,,,,,,,,,,,,,,,,,,,,,,,,,,,,,,,,,,,,,,,,,,,,,,,,,,,,,,,,,,,,,,,,,,,,,,,,,,,,,,,,,,,,,,,,,,,,,,,,,,,,,,,
4.400006092,0,4.40000076,-8.10E-07,4.40000024,1.33E-06,4.399998413,-2.77E-06,4.399999223,-3.39E-06,4.400000167,-3.78E-06,4.400000539,-1.05E-06,4.400000811,-1.01E-06,4.400001063,-9.07E-07,4.40000128,-7.41E-07,4.400001447,-5.24E-07,4.400001551,-2.71E-07,,,,,,,,,,,,,,,,,,,,,,,,,,,,,,,,,,,,,,,,,,,,,,,,,,,,,,,,,,,,,,,,,,,,,,,,,,,,,,,,,,,,,,,,,,,,,,,,,,,,,,,,,,,,,,,,,,,,,,,,,,,,,,,,,,,,,,,,,,,,,,,,,,,,,,,,,,,,,,,,,,,,,,,,,,,,,,,,,,,,,,,,,,,,,,,,,,,,,,,,,
4.500005618,0,4.500000061,-1.13E-06,4.500000553,1.10E-06,4.499998033,-2.90E-06,4.499998882,-3.55E-06,4.499999871,-3.96E-06,4.499999829,-5.63E-07,4.499999974,-5.44E-07,4.50000011,-4.88E-07,4.500000227,-3.98E-07,4.500000317,-2.82E-07,4.500000373,-1.46E-07,,,,,,,,,,,,,,,,,,,,,,,,,,,,,,,,,,,,,,,,,,,,,,,,,,,,,,,,,,,,,,,,,,,,,,,,,,,,,,,,,,,,,,,,,,,,,,,,,,,,,,,,,,,,,,,,,,,,,,,,,,,,,,,,,,,,,,,,,,,,,,,,,,,,,,,,,,,,,,,,,,,,,,,,,,,,,,,,,,,,,,,,,,,,,,,,,,,,,,,,,
4.600004867,0,4.599999296,-1.30E-06,4.600000742,7.85E-07,4.599997601,-2.60E-06,4.599998363,-3.19E-06,4.59999925,-3.55E-06,4.599998941,3.06E-07,4.599998862,2.96E-07,4.599998788,2.65E-07,4.599998724,2.16E-07,4.599998676,1.53E-07,4.599998645,7.92E-08,,,,,,,,,,,,,,,,,,,,,,,,,,,,,,,,,,,,,,,,,,,,,,,,,,,,,,,,,,,,,,,,,,,,,,,,,,,,,,,,,,,,,,,,,,,,,,,,,,,,,,,,,,,,,,,,,,,,,,,,,,,,,,,,,,,,,,,,,,,,,,,,,,,,,,,,,,,,,,,,,,,,,,,,,,,,,,,,,,,,,,,,,,,,,,,,,,,,,,,,,
4.700003983,0,4.699998601,-1.29E-06,4.700000805,4.60E-07,4.699997234,-1.96E-06,4.699997809,-2.40E-06,4.699998478,-2.68E-06,4.699998103,1.33E-06,4.699997758,1.29E-06,4.699997436,1.16E-06,4.69999716,9.44E-07,4.699996947,6.67E-07,4.699996814,3.46E-07,,,,,,,,,,,,,,,,,,,,,,,,,,,,,,,,,,,,,,,,,,,,,,,,,,,,,,,,,,,,,,,,,,,,,,,,,,,,,,,,,,,,,,,,,,,,,,,,,,,,,,,,,,,,,,,,,,,,,,,,,,,,,,,,,,,,,,,,,,,,,,,,,,,,,,,,,,,,,,,,,,,,,,,,,,,,,,,,,,,,,,,,,,,,,,,,,,,,,,,,,
4.800003114,0,4.799998081,-1.14E-06,4.800000761,1.81E-07,4.799997019,-1.13E-06,4.79999735,-1.38E-06,4.799997735,-1.54E-06,4.799997501,2.30E-06,4.799996906,2.22E-06,4.799996352,1.99E-06,4.799995877,1.62E-06,4.799995512,1.15E-06,4.799995282,5.94E-07,,,,,,,,,,,,,,,,,,,,,,,,,,,,,,,,,,,,,,,,,,,,,,,,,,,,,,,,,,,,,,,,,,,,,,,,,,,,,,,,,,,,,,,,,,,,,,,,,,,,,,,,,,,,,,,,,,,,,,,,,,,,,,,,,,,,,,,,,,,,,,,,,,,,,,,,,,,,,,,,,,,,,,,,,,,,,,,,,,,,,,,,,,,,,,,,,,,,,,,,,
4.900002384,0,4.899997793,-8.80E-07,4.900000643,-9.55E-09,4.899996999,-2.69E-07,4.899997078,-3.30E-07,4.899997169,-3.68E-07,4.899997244,3.01E-06,4.899996465,2.91E-06,4.89999574,2.61E-06,4.899995117,2.13E-06,4.899994639,1.50E-06,4.899994338,7.79E-07,,,,,,,,,,,,,,,,,,,,,,,,,,,,,,,,,,,,,,,,,,,,,,,,,,,,,,,,,,,,,,,,,,,,,,,,,,,,,,,,,,,,,,,,,,,,,,,,,,,,,,,,,,,,,,,,,,,,,,,,,,,,,,,,,,,,,,,,,,,,,,,,,,,,,,,,,,,,,,,,,,,,,,,,,,,,,,,,,,,,,,,,,,,,,,,,,,,,,,,,,
5.000001872,0,4.999997743,-5.76E-07,5.000000492,-9.23E-08,4.999997175,4.70E-07,4.999997038,5.76E-07,4.999996877,6.42E-07,4.999997363,3.36E-06,4.999996493,3.24E-06,4.999995683,2.91E-06,4.999994988,2.38E-06,4.999994454,1.68E-06,4.999994118,8.69E-07,,,,,,,,,,,,,,,,,,,,,,,,,,,,,,,,,,,,,,,,,,,,,,,,,,,,,,,,,,,,,,,,,,,,,,,,,,,,,,,,,,,,,,,,,,,,,,,,,,,,,,,,,,,,,,,,,,,,,,,,,,,,,,,,,,,,,,,,,,,,,,,,,,,,,,,,,,,,,,,,,,,,,,,,,,,,,,,,,,,,,,,,,,,,,,,,,,,,,,,,,
5.100001604,0,5.099997896,-2.86E-07,5.100000347,-6.98E-08,5.099997513,9.82E-07,5.099997225,1.20E-06,5.09999689,1.34E-06,5.09999781,3.32E-06,5.099996951,3.21E-06,5.09999615,2.88E-06,5.099995463,2.35E-06,5.099994935,1.66E-06,5.099994603,8.59E-07,,,,,,,,,,,,,,,,,,,,,,,,,,,,,,,,,,,,,,,,,,,,,,,,,,,,,,,,,,,,,,,,,,,,,,,,,,,,,,,,,,,,,,,,,,,,,,,,,,,,,,,,,,,,,,,,,,,,,,,,,,,,,,,,,,,,,,,,,,,,,,,,,,,,,,,,,,,,,,,,,,,,,,,,,,,,,,,,,,,,,,,,,,,,,,,,,,,,,,,,,
5.200001556,0,5.199998184,-5.85E-08,5.200000237,3.67E-08,5.199997951,1.22E-06,5.199997595,1.49E-06,5.19999718,1.66E-06,5.199998486,2.94E-06,5.199997725,2.84E-06,5.199997016,2.55E-06,5.199996407,2.08E-06,5.19999594,1.47E-06,5.199995647,7.61E-07,,,,,,,,,,,,,,,,,,,,,,,,,,,,,,,,,,,,,,,,,,,,,,,,,,,,,,,,,,,,,,,,,,,,,,,,,,,,,,,,,,,,,,,,,,,,,,,,,,,,,,,,,,,,,,,,,,,,,,,,,,,,,,,,,,,,,,,,,,,,,,,,,,,,,,,,,,,,,,,,,,,,,,,,,,,,,,,,,,,,,,,,,,,,,,,,,,,,,,,,,
5.300001672,0,5.29999853,7.64E-08,5.300000181,1.94E-07,5.29999842,1.18E-06,5.299998075,1.44E-06,5.299997673,1.61E-06,5.299999259,2.32E-06,5.299998659,2.24E-06,5.2999981,2.01E-06,5.299997619,1.64E-06,5.299997251,1.16E-06,5.299997019,6.00E-07,,,,,,,,,,,,,,,,,,,,,,,,,,,,,,,,,,,,,,,,,,,,,,,,,,,,,,,,,,,,,,,,,,,,,,,,,,,,,,,,,,,,,,,,,,,,,,,,,,,,,,,,,,,,,,,,,,,,,,,,,,,,,,,,,,,,,,,,,,,,,,,,,,,,,,,,,,,,,,,,,,,,,,,,,,,,,,,,,,,,,,,,,,,,,,,,,,,,,,,,,
5.400001873,0,5.399998857,1.10E-07,5.400000183,3.65E-07,5.399998854,9.21E-07,5.399998585,1.13E-06,5.39999827,1.26E-06,5.399999999,1.59E-06,5.399999587,1.54E-06,5.399999204,1.38E-06,5.399998874,1.12E-06,5.399998622,7.95E-07,5.399998463,4.12E-07,,,,,,,,,,,,,,,,,,,,,,,,,,,,,,,,,,,,,,,,,,,,,,,,,,,,,,,,,,,,,,,,,,,,,,,,,,,,,,,,,,,,,,,,,,,,,,,,,,,,,,,,,,,,,,,,,,,,,,,,,,,,,,,,,,,,,,,,,,,,,,,,,,,,,,,,,,,,,,,,,,,,,,,,,,,,,,,,,,,,,,,,,,,,,,,,,,,,,,,,,
5.500002079,0,5.499999108,5.39E-08,5.500000236,5.15E-07,5.499999203,5.30E-07,5.499999048,6.49E-07,5.499998867,7.24E-07,5.500000594,8.84E-07,5.500000365,8.54E-07,5.500000152,7.66E-07,5.499999969,6.25E-07,5.499999828,4.42E-07,5.49999974,2.29E-07,,,,,,,,,,,,,,,,,,,,,,,,,,,,,,,,,,,,,,,,,,,,,,,,,,,,,,,,,,,,,,,,,,,,,,,,,,,,,,,,,,,,,,,,,,,,,,,,,,,,,,,,,,,,,,,,,,,,,,,,,,,,,,,,,,,,,,,,,,,,,,,,,,,,,,,,,,,,,,,,,,,,,,,,,,,,,,,,,,,,,,,,,,,,,,,,,,,,,,,,,
5.600002224,0,5.599999246,-6.76E-08,5.600000324,6.19E-07,5.599999435,1.01E-07,5.599999405,1.23E-07,5.599999371,1.38E-07,5.600000973,3.13E-07,5.600000892,3.03E-07,5.600000816,2.71E-07,5.600000752,2.22E-07,5.600000702,1.57E-07,5.600000671,8.11E-08,,,,,,,,,,,,,,,,,,,,,,,,,,,,,,,,,,,,,,,,,,,,,,,,,,,,,,,,,,,,,,,,,,,,,,,,,,,,,,,,,,,,,,,,,,,,,,,,,,,,,,,,,,,,,,,,,,,,,,,,,,,,,,,,,,,,,,,,,,,,,,,,,,,,,,,,,,,,,,,,,,,,,,,,,,,,,,,,,,,,,,,,,,,,,,,,,,,,,,,,,
5.700002262,0,5.699999262,-2.21E-07,5.700000426,6.63E-07,5.699999543,-2.78E-07,5.699999624,-3.41E-07,5.699999719,-3.80E-07,5.700001106,-4.97E-08,5.700001119,-4.80E-08,5.700001131,-4.31E-08,5.700001141,-3.52E-08,5.700001149,-2.49E-08,5.700001154,-1.29E-08,,,,,,,,,,,,,,,,,,,,,,,,,,,,,,,,,,,,,,,,,,,,,,,,,,,,,,,,,,,,,,,,,,,,,,,,,,,,,,,,,,,,,,,,,,,,,,,,,,,,,,,,,,,,,,,,,,,,,,,,,,,,,,,,,,,,,,,,,,,,,,,,,,,,,,,,,,,,,,,,,,,,,,,,,,,,,,,,,,,,,,,,,,,,,,,,,,,,,,,,,
5.800002173,0,5.799999169,-3.71E-07,5.800000519,6.45E-07,5.799999538,-5.39E-07,5.799999696,-6.60E-07,5.79999988,-7.36E-07,5.800001004,-1.74E-07,5.800001049,-1.68E-07,5.800001091,-1.51E-07,5.800001127,-1.23E-07,5.800001155,-8.71E-08,5.800001172,-4.51E-08,,,,,,,,,,,,,,,,,,,,,,,,,,,,,,,,,,,,,,,,,,,,,,,,,,,,,,,,,,,,,,,,,,,,,,,,,,,,,,,,,,,,,,,,,,,,,,,,,,,,,,,,,,,,,,,,,,,,,,,,,,,,,,,,,,,,,,,,,,,,,,,,,,,,,,,,,,,,,,,,,,,,,,,,,,,,,,,,,,,,,,,,,,,,,,,,,,,,,,,,,
5.900001962,0,5.899998996,-4.88E-07,5.900000586,5.76E-07,5.899999446,-6.41E-07,5.899999634,-7.85E-07,5.899999852,-8.75E-07,5.900000712,-7.12E-08,5.90000073,-6.88E-08,5.900000748,-6.17E-08,5.900000762,-5.04E-08,5.900000774,-3.56E-08,5.900000781,-1.84E-08,,,,,,,,,,,,,,,,,,,,,,,,,,,,,,,,,,,,,,,,,,,,,,,,,,,,,,,,,,,,,,,,,,,,,,,,,,,,,,,,,,,,,,,,,,,,,,,,,,,,,,,,,,,,,,,,,,,,,,,,,,,,,,,,,,,,,,,,,,,,,,,,,,,,,,,,,,,,,,,,,,,,,,,,,,,,,,,,,,,,,,,,,,,,,,,,,,,,,,,,,
6.000001655,0,5.999998779,-5.51E-07,6.00000061,4.74E-07,5.9999993,-5.74E-07,5.999999468,-7.02E-07,5.999999664,-7.83E-07,6.000000293,2.16E-07,6.000000237,2.09E-07,6.000000184,1.87E-07,6.00000014,1.53E-07,6.000000105,1.08E-07,6.000000084,5.59E-08,,,,,,,,,,,,,,,,,,,,,,,,,,,,,,,,,,,,,,,,,,,,,,,,,,,,,,,,,,,,,,,,,,,,,,,,,,,,,,,,,,,,,,,,,,,,,,,,,,,,,,,,,,,,,,,,,,,,,,,,,,,,,,,,,,,,,,,,,,,,,,,,,,,,,,,,,,,,,,,,,,,,,,,,,,,,,,,,,,,,,,,,,,,,,,,,,,,,,,,,,
6.100001286,0,6.099998557,-5.50E-07,6.100000584,3.63E-07,6.099999133,-3.53E-07,6.099999237,-4.33E-07,6.099999357,-4.83E-07,6.099999813,6.25E-07,6.099999651,6.04E-07,6.099999501,5.42E-07,6.099999371,4.42E-07,6.099999272,3.13E-07,6.099999209,1.62E-07,,,,,,,,,,,,,,,,,,,,,,,,,,,,,,,,,,,,,,,,,,,,,,,,,,,,,,,,,,,,,,,,,,,,,,,,,,,,,,,,,,,,,,,,,,,,,,,,,,,,,,,,,,,,,,,,,,,,,,,,,,,,,,,,,,,,,,,,,,,,,,,,,,,,,,,,,,,,,,,,,,,,,,,,,,,,,,,,,,,,,,,,,,,,,,,,,,,,,,,,,
6.200000895,0,6.19999836,-4.84E-07,6.200000504,2.68E-07,6.199998972,-1.48E-08,6.199998976,-1.82E-08,6.199998981,-2.03E-08,6.199999332,1.09E-06,6.19999905,1.05E-06,6.199998787,9.44E-07,6.199998562,7.71E-07,6.199998389,5.45E-07,6.19999828,2.82E-07,,,,,,,,,,,,,,,,,,,,,,,,,,,,,,,,,,,,,,,,,,,,,,,,,,,,,,,,,,,,,,,,,,,,,,,,,,,,,,,,,,,,,,,,,,,,,,,,,,,,,,,,,,,,,,,,,,,,,,,,,,,,,,,,,,,,,,,,,,,,,,,,,,,,,,,,,,,,,,,,,,,,,,,,,,,,,,,,,,,,,,,,,,,,,,,,,,,,,,,,,
6.300000518,0,6.299998207,-3.61E-07,6.30000037,2.14E-07,6.299998831,3.99E-07,6.299998714,4.89E-07,6.299998578,5.45E-07,6.299998888,1.55E-06,6.299998486,1.50E-06,6.299998112,1.34E-06,6.299997791,1.10E-06,6.299997544,7.76E-07,6.299997389,4.02E-07,,,,,,,,,,,,,,,,,,,,,,,,,,,,,,,,,,,,,,,,,,,,,,,,,,,,,,,,,,,,,,,,,,,,,,,,,,,,,,,,,,,,,,,,,,,,,,,,,,,,,,,,,,,,,,,,,,,,,,,,,,,,,,,,,,,,,,,,,,,,,,,,,,,,,,,,,,,,,,,,,,,,,,,,,,,,,,,,,,,,,,,,,,,,,,,,,,,,,,,,,
6.400000177,0,6.399998104,-1.93E-07,6.400000184,2.21E-07,6.399998711,8.47E-07,6.399998463,1.04E-06,6.399998173,1.16E-06,6.399998489,1.97E-06,6.399997978,1.91E-06,6.399997502,1.71E-06,6.399997094,1.40E-06,6.39999678,9.87E-07,6.399996583,5.11E-07,,,,,,,,,,,,,,,,,,,,,,,,,,,,,,,,,,,,,,,,,,,,,,,,,,,,,,,,,,,,,,,,,,,,,,,,,,,,,,,,,,,,,,,,,,,,,,,,,,,,,,,,,,,,,,,,,,,,,,,,,,,,,,,,,,,,,,,,,,,,,,,,,,,,,,,,,,,,,,,,,,,,,,,,,,,,,,,,,,,,,,,,,,,,,,,,,,,,,,,,,
6.499999882,0,6.499998039,5.76E-09,6.499999946,3.06E-07,6.499998598,1.30E-06,6.499998217,1.59E-06,6.499997773,1.78E-06,6.499998114,2.35E-06,6.499997507,2.27E-06,6.499996941,2.03E-06,6.499996455,1.66E-06,6.499996083,1.17E-06,6.499995848,6.07E-07,,,,,,,,,,,,,,,,,,,,,,,,,,,,,,,,,,,,,,,,,,,,,,,,,,,,,,,,,,,,,,,,,,,,,,,,,,,,,,,,,,,,,,,,,,,,,,,,,,,,,,,,,,,,,,,,,,,,,,,,,,,,,,,,,,,,,,,,,,,,,,,,,,,,,,,,,,,,,,,,,,,,,,,,,,,,,,,,,,,,,,,,,,,,,,,,,,,,,,,,,
6.599999626,0,6.599997989,2.25E-07,6.599999651,4.84E-07,6.599998461,1.75E-06,6.599997949,2.14E-06,6.599997353,2.39E-06,6.599997709,2.69E-06,6.599997012,2.60E-06,6.599996363,2.33E-06,6.599995805,1.90E-06,6.599995377,1.35E-06,6.599995108,6.97E-07,,,,,,,,,,,,,,,,,,,,,,,,,,,,,,,,,,,,,,,,,,,,,,,,,,,,,,,,,,,,,,,,,,,,,,,,,,,,,,,,,,,,,,,,,,,,,,,,,,,,,,,,,,,,,,,,,,,,,,,,,,,,,,,,,,,,,,,,,,,,,,,,,,,,,,,,,,,,,,,,,,,,,,,,,,,,,,,,,,,,,,,,,,,,,,,,,,,,,,,,,
6.699999385,0,6.699997917,4.60E-07,6.699999289,7.71E-07,6.699998258,2.21E-06,6.699997612,2.70E-06,6.69999686,3.01E-06,6.699997185,3.07E-06,6.699996391,2.96E-06,6.699995651,2.66E-06,6.699995015,2.17E-06,6.699994528,1.53E-06,6.699994221,7.94E-07,,,,,,,,,,,,,,,,,,,,,,,,,,,,,,,,,,,,,,,,,,,,,,,,,,,,,,,,,,,,,,,,,,,,,,,,,,,,,,,,,,,,,,,,,,,,,,,,,,,,,,,,,,,,,,,,,,,,,,,,,,,,,,,,,,,,,,,,,,,,,,,,,,,,,,,,,,,,,,,,,,,,,,,,,,,,,,,,,,,,,,,,,,,,,,,,,,,,,,,,,
6.799999119,0,6.799997777,7.16E-07,6.799998834,1.19E-06,6.799997927,2.71E-06,6.799997133,3.32E-06,6.799996208,3.70E-06,6.799996421,3.56E-06,6.7999955,3.44E-06,6.799994641,3.08E-06,6.799993904,2.52E-06,6.799993338,1.78E-06,6.799992983,9.21E-07,,,,,,,,,,,,,,,,,,,,,,,,,,,,,,,,,,,,,,,,,,,,,,,,,,,,,,,,,,,,,,,,,,,,,,,,,,,,,,,,,,,,,,,,,,,,,,,,,,,,,,,,,,,,,,,,,,,,,,,,,,,,,,,,,,,,,,,,,,,,,,,,,,,,,,,,,,,,,,,,,,,,,,,,,,,,,,,,,,,,,,,,,,,,,,,,,,,,,,,,,
6.899998776,0,6.899997511,1.01E-06,6.899998247,1.76E-06,6.899997394,3.34E-06,6.899996416,4.09E-06,6.899995277,4.56E-06,6.899995264,4.29E-06,6.899994154,4.14E-06,6.899993119,3.72E-06,6.899992231,3.03E-06,6.899991549,2.14E-06,6.89999112,1.11E-06,,,,,,,,,,,,,,,,,,,,,,,,,,,,,,,,,,,,,,,,,,,,,,,,,,,,,,,,,,,,,,,,,,,,,,,,,,,,,,,,,,,,,,,,,,,,,,,,,,,,,,,,,,,,,,,,,,,,,,,,,,,,,,,,,,,,,,,,,,,,,,,,,,,,,,,,,,,,,,,,,,,,,,,,,,,,,,,,,,,,,,,,,,,,,,,,,,,,,,,,,
6.999998287,0,6.999997054,1.38E-06,6.999997469,2.53E-06,6.999996564,4.19E-06,6.999995336,5.13E-06,6.999993906,5.73E-06,6.999993518,5.41E-06,6.999992117,5.23E-06,6.999990811,4.69E-06,6.99998969,3.83E-06,6.99998883,2.71E-06,6.999988289,1.40E-06,,,,,,,,,,,,,,,,,,,,,,,,,,,,,,,,,,,,,,,,,,,,,,,,,,,,,,,,,,,,,,,,,,,,,,,,,,,,,,,,,,,,,,,,,,,,,,,,,,,,,,,,,,,,,,,,,,,,,,,,,,,,,,,,,,,,,,,,,,,,,,,,,,,,,,,,,,,,,,,,,,,,,,,,,,,,,,,,,,,,,,,,,,,,,,,,,,,,,,,,,
7.099997571,0,7.099996325,1.86E-06,7.099996414,3.58E-06,7.099995317,5.41E-06,7.099993731,6.63E-06,7.099991885,7.39E-06,7.099990932,7.12E-06,7.099989088,6.88E-06,7.09998737,6.17E-06,7.099985894,5.04E-06,7.099984762,3.56E-06,7.09998405,1.84E-06,,,,,,,,,,,,,,,,,,,,,,,,,,,,,,,,,,,,,,,,,,,,,,,,,,,,,,,,,,,,,,,,,,,,,,,,,,,,,,,,,,,,,,,,,,,,,,,,,,,,,,,,,,,,,,,,,,,,,,,,,,,,,,,,,,,,,,,,,,,,,,,,,,,,,,,,,,,,,,,,,,,,,,,,,,,,,,,,,,,,,,,,,,,,,,,,,,,,,,,,,
7.199996525,0,7.199995224,2.53E-06,7.19999496,5.00E-06,7.199993494,7.18E-06,7.19999139,8.80E-06,7.19998894,9.81E-06,7.199987183,9.68E-06,7.199984679,9.35E-06,7.199982345,8.38E-06,7.199980341,6.84E-06,7.199978804,4.84E-06,7.199977837,2.50E-06,,,,,,,,,,,,,,,,,,,,,,,,,,,,,,,,,,,,,,,,,,,,,,,,,,,,,,,,,,,,,,,,,,,,,,,,,,,,,,,,,,,,,,,,,,,,,,,,,,,,,,,,,,,,,,,,,,,,,,,,,,,,,,,,,,,,,,,,,,,,,,,,,,,,,,,,,,,,,,,,,,,,,,,,,,,,,,,,,,,,,,,,,,,,,,,,,,,,,,,,,
7.299995017,0,7.299993618,3.47E-06,7.29999294,6.94E-06,7.299990884,9.75E-06,7.299988029,1.19E-05,7.299984705,1.33E-05,7.299981836,1.34E-05,7.29997837,1.29E-05,7.299975141,1.16E-05,7.299972368,9.47E-06,7.29997024,6.69E-06,7.299968902,3.47E-06,,,,,,,,,,,,,,,,,,,,,,,,,,,,,,,,,,,,,,,,,,,,,,,,,,,,,,,,,,,,,,,,,,,,,,,,,,,,,,,,,,,,,,,,,,,,,,,,,,,,,,,,,,,,,,,,,,,,,,,,,,,,,,,,,,,,,,,,,,,,,,,,,,,,,,,,,,,,,,,,,,,,,,,,,,,,,,,,,,,,,,,,,,,,,,,,,,,,,,,,,
7.399992877,0,7.39999133,4.80E-06,7.399990121,9.62E-06,7.399987197,1.34E-05,7.399983265,1.64E-05,7.399978686,1.83E-05,7.3999743,1.87E-05,7.399969459,1.81E-05,7.399964948,1.62E-05,7.399961075,1.32E-05,7.399958103,9.35E-06,7.399956235,4.84E-06,,,,,,,,,,,,,,,,,,,,,,,,,,,,,,,,,,,,,,,,,,,,,,,,,,,,,,,,,,,,,,,,,,,,,,,,,,,,,,,,,,,,,,,,,,,,,,,,,,,,,,,,,,,,,,,,,,,,,,,,,,,,,,,,,,,,,,,,,,,,,,,,,,,,,,,,,,,,,,,,,,,,,,,,,,,,,,,,,,,,,,,,,,,,,,,,,,,,,,,,,
7.499989872,0,7.499988113,6.69E-06,7.499986185,1.33E-05,7.499982031,1.87E-05,7.499976569,2.28E-05,7.499970207,2.55E-05,7.499963758,2.62E-05,7.499956976,2.53E-05,7.499950656,2.27E-05,7.499945229,1.85E-05,7.499941065,1.31E-05,7.499938447,6.78E-06,,,,,,,,,,,,,,,,,,,,,,,,,,,,,,,,,,,,,,,,,,,,,,,,,,,,,,,,,,,,,,,,,,,,,,,,,,,,,,,,,,,,,,,,,,,,,,,,,,,,,,,,,,,,,,,,,,,,,,,,,,,,,,,,,,,,,,,,,,,,,,,,,,,,,,,,,,,,,,,,,,,,,,,,,,,,,,,,,,,,,,,,,,,,,,,,,,,,,,,,,
7.599985681,0,7.599983622,9.37E-06,7.599980688,1.85E-05,7.599974826,2.60E-05,7.599967207,3.19E-05,7.599958334,3.55E-05,7.599949072,3.67E-05,7.59993957,3.55E-05,7.599930716,3.18E-05,7.599923113,2.60E-05,7.599917279,1.84E-05,7.599913611,9.50E-06,,,,,,,,,,,,,,,,,,,,,,,,,,,,,,,,,,,,,,,,,,,,,,,,,,,,,,,,,,,,,,,,,,,,,,,,,,,,,,,,,,,,,,,,,,,,,,,,,,,,,,,,,,,,,,,,,,,,,,,,,,,,,,,,,,,,,,,,,,,,,,,,,,,,,,,,,,,,,,,,,,,,,,,,,,,,,,,,,,,,,,,,,,,,,,,,,,,,,,,,,
7.699979859,0,7.699977373,1.31E-05,7.699973016,2.57E-05,7.699964796,3.63E-05,7.699954155,4.45E-05,7.699941765,4.96E-05,7.699928649,5.14E-05,7.699915355,4.96E-05,7.699902967,4.45E-05,7.699892329,3.63E-05,7.699884166,2.57E-05,7.699879034,1.33E-05,,,,,,,,,,,,,,,,,,,,,,,,,,,,,,,,,,,,,,,,,,,,,,,,,,,,,,,,,,,,,,,,,,,,,,,,,,,,,,,,,,,,,,,,,,,,,,,,,,,,,,,,,,,,,,,,,,,,,,,,,,,,,,,,,,,,,,,,,,,,,,,,,,,,,,,,,,,,,,,,,,,,,,,,,,,,,,,,,,,,,,,,,,,,,,,,,,,,,,,,,
7.799971781,0,7.799968684,1.84E-05,7.799962317,3.58E-05,7.799950842,5.07E-05,7.799935985,6.21E-05,7.799918683,6.93E-05,7.79990026,7.18E-05,7.799881689,6.93E-05,7.799864382,6.21E-05,7.799849521,5.07E-05,7.799838118,3.59E-05,7.79983095,1.86E-05,,,,,,,,,,,,,,,,,,,,,,,,,,,,,,,,,,,,,,,,,,,,,,,,,,,,,,,,,,,,,,,,,,,,,,,,,,,,,,,,,,,,,,,,,,,,,,,,,,,,,,,,,,,,,,,,,,,,,,,,,,,,,,,,,,,,,,,,,,,,,,,,,,,,,,,,,,,,,,,,,,,,,,,,,,,,,,,,,,,,,,,,,,,,,,,,,,,,,,,,,
7.899960573,0,7.8999566,2.57E-05,7.899947404,4.99E-05,7.899931427,7.08E-05,7.899910696,8.67E-05,7.899886554,9.67E-05,7.899860787,0.000100113,7.899834876,9.67E-05,7.89981073,8.67E-05,7.899789996,7.08E-05,7.899774086,5.01E-05,7.899764085,2.59E-05,,,,,,,,,,,,,,,,,,,,,,,,,,,,,,,,,,,,,,,,,,,,,,,,,,,,,,,,,,,,,,,,,,,,,,,,,,,,,,,,,,,,,,,,,,,,,,,,,,,,,,,,,,,,,,,,,,,,,,,,,,,,,,,,,,,,,,,,,,,,,,,,,,,,,,,,,,,,,,,,,,,,,,,,,,,,,,,,,,,,,,,,,,,,,,,,,,,,,,,,,
7.999945009,0,7.999939786,3.59E-05,7.999926624,6.95E-05,7.999904403,9.87E-05,7.999875495,0.000120881,7.999841831,0.000134825,7.999805872,0.000139556,7.999769752,0.000134801,7.999736093,0.000120859,7.99970719,9.87E-05,7.999685012,6.98E-05,7.99967107,3.61E-05,,,,,,,,,,,,,,,,,,,,,,,,,,,,,,,,,,,,,,,,,,,,,,,,,,,,,,,,,,,,,,,,,,,,,,,,,,,,,,,,,,,,,,,,,,,,,,,,,,,,,,,,,,,,,,,,,,,,,,,,,,,,,,,,,,,,,,,,,,,,,,,,,,,,,,,,,,,,,,,,,,,,,,,,,,,,,,,,,,,,,,,,,,,,,,,,,,,,,,,,,
8.099923375,0,8.099916373,5.02E-05,8.099897676,9.69E-05,8.099866773,0.000137554,8.099826484,0.000168468,8.099779567,0.000187902,8.099729429,0.000194443,8.099679104,0.000187818,8.099632208,0.000168393,8.099591937,0.000137492,8.099561037,9.72E-05,8.099541612,5.03E-05,,,,,,,,,,,,,,,,,,,,,,,,,,,,,,,,,,,,,,,,,,,,,,,,,,,,,,,,,,,,,,,,,,,,,,,,,,,,,,,,,,,,,,,,,,,,,,,,,,,,,,,,,,,,,,,,,,,,,,,,,,,,,,,,,,,,,,,,,,,,,,,,,,,,,,,,,,,,,,,,,,,,,,,,,,,,,,,,,,,,,,,,,,,,,,,,,,,,,,,,,
8.199893278,0,8.199883756,7.00E-05,8.199857349,0.000135097,8.199814355,0.000191641,8.199758225,0.000234712,8.199692859,0.000261787,8.199622974,0.000270858,8.199552871,0.000261628,8.199487545,0.00023457,8.199431448,0.000191525,8.199388404,0.000135429,8.199361345,7.01E-05,,,,,,,,,,,,,,,,,,,,,,,,,,,,,,,,,,,,,,,,,,,,,,,,,,,,,,,,,,,,,,,,,,,,,,,,,,,,,,,,,,,,,,,,,,,,,,,,,,,,,,,,,,,,,,,,,,,,,,,,,,,,,,,,,,,,,,,,,,,,,,,,,,,,,,,,,,,,,,,,,,,,,,,,,,,,,,,,,,,,,,,,,,,,,,,,,,,,,,,,,
8.299851377,0,8.299838302,9.76E-05,8.29980117,0.000188322,8.299741321,0.000266955,8.299663132,0.000326952,8.299572078,0.000364668,8.299474672,0.000377287,8.299377023,0.000364431,8.299286029,0.00032674,8.29920789,0.000266782,8.299147932,0.000188643,8.299110241,9.76E-05,,,,,,,,,,,,,,,,,,,,,,,,,,,,,,,,,,,,,,,,,,,,,,,,,,,,,,,,,,,,,,,,,,,,,,,,,,,,,,,,,,,,,,,,,,,,,,,,,,,,,,,,,,,,,,,,,,,,,,,,,,,,,,,,,,,,,,,,,,,,,,,,,,,,,,,,,,,,,,,,,,,,,,,,,,,,,,,,,,,,,,,,,,,,,,,,,,,,,,,,,
8.399793016,0,8.39977495,0.000135987,8.399722903,0.0002625,8.39963955,0.000371854,8.399530636,0.000455427,8.399403803,0.000507963,8.399268036,0.000525563,8.39913201,0.000507655,8.399005254,0.000455151,8.398896407,0.000371629,8.398812885,0.000262781,8.398760381,0.000136026,,,,,,,,,,,,,,,,,,,,,,,,,,,,,,,,,,,,,,,,,,,,,,,,,,,,,,,,,,,,,,,,,,,,,,,,,,,,,,,,,,,,,,,,,,,,,,,,,,,,,,,,,,,,,,,,,,,,,,,,,,,,,,,,,,,,,,,,,,,,,,,,,,,,,,,,,,,,,,,,,,,,,,,,,,,,,,,,,,,,,,,,,,,,,,,,,,,,,,,,,
8.499711706,0,8.499686647,0.000189506,8.499613857,0.000365868,8.499497723,0.000517994,8.499346006,0.00063441,8.499169328,0.000707592,8.498980087,0.000732176,8.498790586,0.000707227,8.498613999,0.000634083,8.49846236,0.000517726,8.498346004,0.000366088,8.498272859,0.000189501,,,,,,,,,,,,,,,,,,,,,,,,,,,,,,,,,,,,,,,,,,,,,,,,,,,,,,,,,,,,,,,,,,,,,,,,,,,,,,,,,,,,,,,,,,,,,,,,,,,,,,,,,,,,,,,,,,,,,,,,,,,,,,,,,,,,,,,,,,,,,,,,,,,,,,,,,,,,,,,,,,,,,,,,,,,,,,,,,,,,,,,,,,,,,,,,,,,,,,,,,
8.599598405,0,8.599563569,0.000264064,8.599461492,0.000509661,8.599300072,0.000721616,8.599088716,0.000883795,8.598842586,0.000985746,8.598578811,0.001020102,8.598314789,0.000985343,8.59806876,0.000883434,8.59785749,0.000721321,8.597695377,0.000510051,8.597593468,0.000264022,,,,,,,,,,,,,,,,,,,,,,,,,,,,,,,,,,,,,,,,,,,,,,,,,,,,,,,,,,,,,,,,,,,,,,,,,,,,,,,,,,,,,,,,,,,,,,,,,,,,,,,,,,,,,,,,,,,,,,,,,,,,,,,,,,,,,,,,,,,,,,,,,,,,,,,,,,,,,,,,,,,,,,,,,,,,,,,,,,,,,,,,,,,,,,,,,,,,,,,,,
8.699440512,0,8.699392028,0.000367942,8.699254637,0.00071317,8.699024628,0.001005357,8.698730166,0.001231306,8.698387257,0.001373344,8.698019602,0.001421357,8.697651727,0.001372925,8.697308923,0.001230931,8.697014551,0.001005051,8.696788671,0.000710678,8.696646677,0.000367874,,,,,,,,,,,,,,,,,,,,,,,,,,,,,,,,,,,,,,,,,,,,,,,,,,,,,,,,,,,,,,,,,,,,,,,,,,,,,,,,,,,,,,,,,,,,,,,,,,,,,,,,,,,,,,,,,,,,,,,,,,,,,,,,,,,,,,,,,,,,,,,,,,,,,,,,,,,,,,,,,,,,,,,,,,,,,,,,,,,,,,,,,,,,,,,,,,,,,,,,,
8.799220477,0,8.799152952,0.000512686,8.798936511,0.000979488,8.798640777,0.00140076,8.798230504,0.001715573,8.797752731,0.001913473,8.797240308,0.001980546,8.796727705,0.00191306,8.796250035,0.001715203,8.79583985,0.001400457,8.795525105,0.000990273,8.795327247,0.000512603,,,,,,,,,,,,,,,,,,,,,,,,,,,,,,,,,,,,,,,,,,,,,,,,,,,,,,,,,,,,,,,,,,,,,,,,,,,,,,,,,,,,,,,,,,,,,,,,,,,,,,,,,,,,,,,,,,,,,,,,,,,,,,,,,,,,,,,,,,,,,,,,,,,,,,,,,,,,,,,,,,,,,,,,,,,,,,,,,,,,,,,,,,,,,,,,,,,,,,,,,
8.898913841,0,8.898819772,0.000714382,8.898583094,0.001402476,8.898105863,0.001951772,8.897534202,0.002390423,8.896868489,0.002666171,8.896154327,0.002759821,8.895440033,0.002665782,8.894774417,0.002390075,8.894202839,0.001951488,8.893764252,0.001379911,8.893488545,0.000714294,,,,,,,,,,,,,,,,,,,,,,,,,,,,,,,,,,,,,,,,,,,,,,,,,,,,,,,,,,,,,,,,,,,,,,,,,,,,,,,,,,,,,,,,,,,,,,,,,,,,,,,,,,,,,,,,,,,,,,,,,,,,,,,,,,,,,,,,,,,,,,,,,,,,,,,,,,,,,,,,,,,,,,,,,,,,,,,,,,,,,,,,,,,,,,,,,,,,,,,,,
8.998486527,0,8.998355461,0.000995444,8.9979367,0.001903034,8.997360449,0.002719635,8.996563886,0.003330859,8.995636269,0.003715091,8.994640989,0.003845784,8.993645627,0.003714742,8.992718097,0.003330546,8.991921609,0.00271938,8.991310443,0.001922892,8.990926247,0.000995362,,,,,,,,,,,,,,,,,,,,,,,,,,,,,,,,,,,,,,,,,,,,,,,,,,,,,,,,,,,,,,,,,,,,,,,,,,,,,,,,,,,,,,,,,,,,,,,,,,,,,,,,,,,,,,,,,,,,,,,,,,,,,,,,,,,,,,,,,,,,,,,,,,,,,,,,,,,,,,,,,,,,,,,,,,,,,,,,,,,,,,,,,,,,,,,,,,,,,,,,,
9.097891054,0,9.097708426,0.001387107,9.097166343,0.002675786,9.09632171,0.00378968,9.095211738,0.004641391,9.093919149,0.005176799,9.092532142,0.005359106,9.091145103,0.005176499,9.089852589,0.004641122,9.088742682,0.00378946,9.08789102,0.002679553,9.087355643,0.001387039,,,,,,,,,,,,,,,,,,,,,,,,,,,,,,,,,,,,,,,,,,,,,,,,,,,,,,,,,,,,,,,,,,,,,,,,,,,,,,,,,,,,,,,,,,,,,,,,,,,,,,,,,,,,,,,,,,,,,,,,,,,,,,,,,,,,,,,,,,,,,,,,,,,,,,,,,,,,,,,,,,,,,,,,,,,,,,,,,,,,,,,,,,,,,,,,,,,,,,,,,
9.197061254,0,9.196806776,0.001932895,9.196086996,0.003749303,9.194874232,0.005280812,9.193327518,0.006467647,9.191526332,0.007213723,9.189593474,0.007467938,9.187660629,0.007213474,9.185859505,0.006467424,9.184312844,0.00528063,9.18312605,0.003733969,9.182379999,0.001932845,,,,,,,,,,,,,,,,,,,,,,,,,,,,,,,,,,,,,,,,,,,,,,,,,,,,,,,,,,,,,,,,,,,,,,,,,,,,,,,,,,,,,,,,,,,,,,,,,,,,,,,,,,,,,,,,,,,,,,,,,,,,,,,,,,,,,,,,,,,,,,,,,,,,,,,,,,,,,,,,,,,,,,,,,,,,,,,,,,,,,,,,,,,,,,,,,,,,,,,,,
9.29590493,0,9.295550329,0.002693455,9.294518717,0.005207978,9.292857189,0.007358718,9.29070187,0.009012552,9.288191949,0.010052195,9.285498477,0.010406588,9.282805054,0.010051992,9.280295183,0.00901237,9.278139908,0.007358569,9.276486107,0.005203294,9.275446485,0.002693423,,,,,,,,,,,,,,,,,,,,,,,,,,,,,,,,,,,,,,,,,,,,,,,,,,,,,,,,,,,,,,,,,,,,,,,,,,,,,,,,,,,,,,,,,,,,,,,,,,,,,,,,,,,,,,,,,,,,,,,,,,,,,,,,,,,,,,,,,,,,,,,,,,,,,,,,,,,,,,,,,,,,,,,,,,,,,,,,,,,,,,,,,,,,,,,,,,,,,,,,,
9.394293605,0,9.393799482,0.003753297,9.392333508,0.007240924,9.39004647,0.010254276,9.387043062,0.012558872,9.38354552,0.014007601,9.379792137,0.014501597,9.376038847,0.014007467,9.372541338,0.012558751,9.369537959,0.010254177,9.367233386,0.007250798,9.36578467,0.003753289,,,,,,,,,,,,,,,,,,,,,,,,,,,,,,,,,,,,,,,,,,,,,,,,,,,,,,,,,,,,,,,,,,,,,,,,,,,,,,,,,,,,,,,,,,,,,,,,,,,,,,,,,,,,,,,,,,,,,,,,,,,,,,,,,,,,,,,,,,,,,,,,,,,,,,,,,,,,,,,,,,,,,,,,,,,,,,,,,,,,,,,,,,,,,,,,,,,,,,,,,
9.492048245,0,9.4913597,0.005230181,9.489326161,0.010095475,9.486129773,0.014289237,9.481944552,0.01750067,9.47707076,0.019519461,9.47184054,0.020207832,9.466610369,0.019519267,9.461736624,0.017500496,9.457551445,0.014289095,9.454340045,0.010103916,9.452321274,0.005230172,,,,,,,,,,,,,,,,,,,,,,,,,,,,,,,,,,,,,,,,,,,,,,,,,,,,,,,,,,,,,,,,,,,,,,,,,,,,,,,,,,,,,,,,,,,,,,,,,,,,,,,,,,,,,,,,,,,,,,,,,,,,,,,,,,,,,,,,,,,,,,,,,,,,,,,,,,,,,,,,,,,,,,,,,,,,,,,,,,,,,,,,,,,,,,,,,,,,,,,,,
9.588919373,0,9.5879599,0.007288215,9.585150908,0.01408212,9.580671943,0.019911832,9.574839902,0.024386914,9.568048347,0.027200069,9.560759871,0.028159654,9.553471616,0.027200137,9.546680044,0.024386975,9.540847989,0.019911882,9.536372895,0.014079827,9.533559734,0.007288255,,,,,,,,,,,,,,,,,,,,,,,,,,,,,,,,,,,,,,,,,,,,,,,,,,,,,,,,,,,,,,,,,,,,,,,,,,,,,,,,,,,,,,,,,,,,,,,,,,,,,,,,,,,,,,,,,,,,,,,,,,,,,,,,,,,,,,,,,,,,,,,,,,,,,,,,,,,,,,,,,,,,,,,,,,,,,,,,,,,,,,,,,,,,,,,,,,,,,,,,,
9.684559342,0,9.683222325,0.010156032,9.679317078,0.019628525,9.673066477,0.02774705,9.664939554,0.033983058,9.655475552,0.037903176,9.645319579,0.039239916,9.635163542,0.037902848,9.625699621,0.033982764,9.617572769,0.027746811,9.611336815,0.019619958,9.607416731,0.010156038,,,,,,,,,,,,,,,,,,,,,,,,,,,,,,,,,,,,,,,,,,,,,,,,,,,,,,,,,,,,,,,,,,,,,,,,,,,,,,,,,,,,,,,,,,,,,,,,,,,,,,,,,,,,,,,,,,,,,,,,,,,,,,,,,,,,,,,,,,,,,,,,,,,,,,,,,,,,,,,,,,,,,,,,,,,,,,,,,,,,,,,,,,,,,,,,,,,,,,,,,
9.778483699,0,9.776620593,0.014152379,9.771167251,0.027345574,9.762468491,0.038664958,9.751143787,0.047354709,9.73795589,0.052817315,9.723803288,0.054680595,9.709650908,0.052817399,9.69646299,0.047354784,9.685138268,0.038665019,9.676448504,0.027340297,9.670985889,0.014152379,,,,,,,,,,,,,,,,,,,,,,,,,,,,,,,,,,,,,,,,,,,,,,,,,,,,,,,,,,,,,,,,,,,,,,,,,,,,,,,,,,,,,,,,,,,,,,,,,,,,,,,,,,,,,,,,,,,,,,,,,,,,,,,,,,,,,,,,,,,,,,,,,,,,,,,,,,,,,,,,,,,,,,,,,,,,,,,,,,,,,,,,,,,,,,,,,,,,,,,,,
9.870017405,0,9.867421155,0.019721095,9.85980579,0.038096344,9.84770022,0.05387928,9.831919345,0.065988372,9.813542125,0.073600466,9.793820843,0.076196758,9.774099671,0.073600417,9.755722464,0.065988328,9.739941599,0.053879244,9.727832515,0.038098379,9.720220426,0.019721172,,,,,,,,,,,,,,,,,,,,,,,,,,,,,,,,,,,,,,,,,,,,,,,,,,,,,,,,,,,,,,,,,,,,,,,,,,,,,,,,,,,,,,,,,,,,,,,,,,,,,,,,,,,,,,,,,,,,,,,,,,,,,,,,,,,,,,,,,,,,,,,,,,,,,,,,,,,,,,,,,,,,,,,,,,,,,,,,,,,,,,,,,,,,,,,,,,,,,,,,,
9.958219713,0,9.954601869,0.027481166,9.943983873,0.053083238,9.927120899,0.075080088,9.90513045,0.091953953,9.879522031,0.102561307,9.852040927,0.106179002,9.824559779,0.10256104,9.798951426,0.091953713,9.776961035,0.075079892,9.760087214,0.053089501,9.749479887,0.027481148,,,,,,,,,,,,,,,,,,,,,,,,,,,,,,,,,,,,,,,,,,,,,,,,,,,,,,,,,,,,,,,,,,,,,,,,,,,,,,,,,,,,,,,,,,,,,,,,,,,,,,,,,,,,,,,,,,,,,,,,,,,,,,,,,,,,,,,,,,,,,,,,,,,,,,,,,,,,,,,,,,,,,,,,,,,,,,,,,,,,,,,,,,,,,,,,,,,,,,,,,
10.04177982,0,10.03673837,0.038294669,10.02194873,0.073974556,9.998443944,0.104622946,9.967800593,0.128136416,9.932115654,0.142917602,9.893820958,0.147959073,9.855526332,0.14291749,9.819841421,0.128136316,9.789198094,0.104622864,9.765684642,0.073979536,9.750903468,0.038294626,,,,,,,,,,,,,,,,,,,,,,,,,,,,,,,,,,,,,,,,,,,,,,,,,,,,,,,,,,,,,,,,,,,,,,,,,,,,,,,,,,,,,,,,,,,,,,,,,,,,,,,,,,,,,,,,,,,,,,,,,,,,,,,,,,,,,,,,,,,,,,,,,,,,,,,,,,,,,,,,,,,,,,,,,,,,,,,,,,,,,,,,,,,,,,,,,,,,,,,,,
10.12998216,0,10.12295692,0.053363067,10.10235897,0.103089136,10.06959404,0.14579068,10.02689294,0.178556388,9.97716645,0.199153773,9.923803227,0.206179146,9.870440137,0.199153762,9.820713654,0.178556378,9.778012554,0.145790672,9.745246849,0.103089573,9.724649465,0.05336309,,,,,,,,,,,,,,,,,,,,,,,,,,,,,,,,,,,,,,,,,,,,,,,,,,,,,,,,,,,,,,,,,,,,,,,,,,,,,,,,,,,,,,,,,,,,,,,,,,,,,,,,,,,,,,,,,,,,,,,,,,,,,,,,,,,,,,,,,,,,,,,,,,,,,,,,,,,,,,,,,,,,,,,,,,,,,,,,,,,,,,,,,,,,,,,,,,,,,,,,,
10.22151587,0,10.21210484,0.071484969,10.18451896,0.138101933,10.14062003,0.19530071,10.08341777,0.239193543,10.01680434,0.266785731,9.945319336,0.276196751,9.873834356,0.266785575,9.80722096,0.239193403,9.75001874,0.195300596,9.706125933,0.138098375,9.678533761,0.071484979,,,,,,,,,,,,,,,,,,,,,,,,,,,,,,,,,,,,,,,,,,,,,,,,,,,,,,,,,,,,,,,,,,,,,,,,,,,,,,,,,,,,,,,,,,,,,,,,,,,,,,,,,,,,,,,,,,,,,,,,,,,,,,,,,,,,,,,,,,,,,,,,,,,,,,,,,,,,,,,,,,,,,,,,,,,,,,,,,,,,,,,,,,,,,,,,,,,,,,,,,
10.31544026,0,10.30335497,0.091798144,10.26793013,0.177344824,10.21155701,0.250797216,10.13810021,0.307162604,10.05255795,0.342595368,9.960759923,0.35468054,9.868961845,0.342595094,9.783419653,0.307162358,9.709962908,0.250797015,9.653597566,0.17734027,9.61816483,0.091798079,,,,,,,,,,,,,,,,,,,,,,,,,,,,,,,,,,,,,,,,,,,,,,,,,,,,,,,,,,,,,,,,,,,,,,,,,,,,,,,,,,,,,,,,,,,,,,,,,,,,,,,,,,,,,,,,,,,,,,,,,,,,,,,,,,,,,,,,,,,,,,,,,,,,,,,,,,,,,,,,,,,,,,,,,,,,,,,,,,,,,,,,,,,,,,,,,,,,,,,,,
10.41108027,0,10.39611369,0.113683768,10.35223785,0.219622595,10.28243012,0.310589744,10.19146049,0.380393196,10.08552411,0.42427348,9.971840426,0.439240015,9.858156745,0.424273275,9.752220419,0.380393012,9.661250833,0.310589593,9.591447415,0.219620008,9.547567152,0.113683681,,,,,,,,,,,,,,,,,,,,,,,,,,,,,,,,,,,,,,,,,,,,,,,,,,,,,,,,,,,,,,,,,,,,,,,,,,,,,,,,,,,,,,,,,,,,,,,,,,,,,,,,,,,,,,,,,,,,,,,,,,,,,,,,,,,,,,,,,,,,,,,,,,,,,,,,,,,,,,,,,,,,,,,,,,,,,,,,,,,,,,,,,,,,,,,,,,,,,,,,,
10.50795145,0,10.489955,0.13669781,10.43719064,0.26407926,10.35325735,0.373465309,10.24387189,0.457399722,10.11648983,0.5101631,9.979791979,0.528159608,9.843094214,0.510163006,9.715712176,0.457399638,9.606326739,0.37346524,9.522392342,0.264079804,9.469628974,0.136697765,,,,,,,,,,,,,,,,,,,,,,,,,,,,,,,,,,,,,,,,,,,,,,,,,,,,,,,,,,,,,,,,,,,,,,,,,,,,,,,,,,,,,,,,,,,,,,,,,,,,,,,,,,,,,,,,,,,,,,,,,,,,,,,,,,,,,,,,,,,,,,,,,,,,,,,,,,,,,,,,,,,,,,,,,,,,,,,,,,,,,,,,,,,,,,,,,,,,,,,,,
10.60570612,0,10.58457319,0.160521672,10.52260919,0.310101203,10.42405164,0.438553384,10.29560233,0.537116008,10.14601994,0.599075063,9.985498203,0.620208045,9.824976549,0.599074969,9.675394181,0.537115923,9.546944889,0.438553315,9.44838228,0.310104023,9.386423235,0.160521654,,,,,,,,,,,,,,,,,,,,,,,,,,,,,,,,,,,,,,,,,,,,,,,,,,,,,,,,,,,,,,,,,,,,,,,,,,,,,,,,,,,,,,,,,,,,,,,,,,,,,,,,,,,,,,,,,,,,,,,,,,,,,,,,,,,,,,,,,,,,,,,,,,,,,,,,,,,,,,,,,,,,,,,,,,,,,,,,,,,,,,,,,,,,,,,,,,,,,,,,,
10.70409482,0,10.67974891,0.184926699,10.60836419,0.357247676,10.49482232,0.505229152,10.34684413,0.618776813,10.17451987,0.690155856,9.989593196,0.714501739,9.804666538,0.690155682,9.632342327,0.618776657,9.484364171,0.505229025,9.370816539,0.357250869,9.299437514,0.184926658,,,,,,,,,,,,,,,,,,,,,,,,,,,,,,,,,,,,,,,,,,,,,,,,,,,,,,,,,,,,,,,,,,,,,,,,,,,,,,,,,,,,,,,,,,,,,,,,,,,,,,,,,,,,,,,,,,,,,,,,,,,,,,,,,,,,,,,,,,,,,,,,,,,,,,,,,,,,,,,,,,,,,,,,,,,,,,,,,,,,,,,,,,,,,,,,,,,,,,,,,
10.80293851,0,10.77532472,0.209748766,10.69436125,0.405201474,10.56557608,0.573044226,10.39773531,0.701832977,10.20228059,0.782792971,9.992531908,0.8104067,9.78278322,0.782792761,9.587328558,0.701832789,9.419487835,0.573044073,9.290699119,0.40520335,9.209739147,0.209748688,,,,,,,,,,,,,,,,,,,,,,,,,,,,,,,,,,,,,,,,,,,,,,,,,,,,,,,,,,,,,,,,,,,,,,,,,,,,,,,,,,,,,,,,,,,,,,,,,,,,,,,,,,,,,,,,,,,,,,,,,,,,,,,,,,,,,,,,,,,,,,,,,,,,,,,,,,,,,,,,,,,,,,,,,,,,,,,,,,,,,,,,,,,,,,,,,,,,,,,,,
10.90210873,0,10.87118765,0.234870085,10.78053117,0.453734143,10.63631768,0.641676902,10.44837486,0.785890495,10.22951082,0.876546949,9.994640774,0.90746802,9.759770767,0.876546797,9.540906764,0.785890358,9.352963983,0.64167679,9.208750416,0.45373401,9.118093977,0.234870006,,,,,,,,,,,,,,,,,,,,,,,,,,,,,,,,,,,,,,,,,,,,,,,,,,,,,,,,,,,,,,,,,,,,,,,,,,,,,,,,,,,,,,,,,,,,,,,,,,,,,,,,,,,,,,,,,,,,,,,,,,,,,,,,,,,,,,,,,,,,,,,,,,,,,,,,,,,,,,,,,,,,,,,,,,,,,,,,,,,,,,,,,,,,,,,,,,,,,,,,,
11.00151326,0,10.9672566,0.260206155,10.86682362,0.502681365,10.70705053,0.710896363,10.49883381,0.870666674,10.2563603,0.971102491,9.996154086,1.005359213,9.735947975,0.971102428,9.49347448,0.870666618,9.28525777,0.710896317,9.125487468,0.502679606,9.025051658,0.260206111,,,,,,,,,,,,,,,,,,,,,,,,,,,,,,,,,,,,,,,,,,,,,,,,,,,,,,,,,,,,,,,,,,,,,,,,,,,,,,,,,,,,,,,,,,,,,,,,,,,,,,,,,,,,,,,,,,,,,,,,,,,,,,,,,,,,,,,,,,,,,,,,,,,,,,,,,,,,,,,,,,,,,,,,,,,,,,,,,,,,,,,,,,,,,,,,,,,,,,,,,
11.10108593,0,11.06347341,0.285696356,10.95320268,0.551925323,10.77777711,0.780536949,10.54916313,0.955958625,10.28293651,1.0662333,9.997240042,1.10384592,9.711543695,1.066233283,9.445317082,0.955958609,9.216703106,0.780536936,9.041281433,0.55192296,8.931006759,0.285696347,,,,,,,,,,,,,,,,,,,,,,,,,,,,,,,,,,,,,,,,,,,,,,,,,,,,,,,,,,,,,,,,,,,,,,,,,,,,,,,,,,,,,,,,,,,,,,,,,,,,,,,,,,,,,,,,,,,,,,,,,,,,,,,,,,,,,,,,,,,,,,,,,,,,,,,,,,,,,,,,,,,,,,,,,,,,,,,,,,,,,,,,,,,,,,,,,,,,,,,,,
11.20077926,0,11.15979632,0.31129718,11.03964326,0.601381866,10.84849918,0.850479732,10.59939944,1.041620689,10.30931664,1.161776919,9.998019363,1.202759934,9.686722186,1.161776883,9.396639396,1.041620658,9.147539658,0.850479706,8.956398706,0.601379967,8.83624248,0.311297178,,,,,,,,,,,,,,,,,,,,,,,,,,,,,,,,,,,,,,,,,,,,,,,,,,,,,,,,,,,,,,,,,,,,,,,,,,,,,,,,,,,,,,,,,,,,,,,,,,,,,,,,,,,,,,,,,,,,,,,,,,,,,,,,,,,,,,,,,,,,,,,,,,,,,,,,,,,,,,,,,,,,,,,,,,,,,,,,,,,,,,,,,,,,,,,,,,,,,,,,,
11.30055918,0,11.25619539,0.336977386,11.12612816,0.650991052,10.91921805,0.920639342,10.64956903,1.127548313,10.33555609,1.257616729,9.998578658,1.301980568,9.661601291,1.257616656,9.347588374,1.127548248,9.077939369,0.920639289,8.87103041,0.650990284,8.740962002,0.336977367,,,,,,,,,,,,,,,,,,,,,,,,,,,,,,,,,,,,,,,,,,,,,,,,,,,,,,,,,,,,,,,,,,,,,,,,,,,,,,,,,,,,,,,,,,,,,,,,,,,,,,,,,,,,,,,,,,,,,,,,,,,,,,,,,,,,,,,,,,,,,,,,,,,,,,,,,,,,,,,,,,,,,,,,,,,,,,,,,,,,,,,,,,,,,,,,,,,,,,,,,
11.40040125,0,11.3526491,0.362714544,11.21264556,0.700710166,10.98993461,0.990954534,10.69969074,1.213666483,10.3616946,1.353669067,9.998980038,1.401421257,9.636265526,1.353668986,9.298269409,1.21366641,9.008025563,0.990954474,8.785313628,0.700710629,8.645311052,0.362714512,,,,,,,,,,,,,,,,,,,,,,,,,,,,,,,,,,,,,,,,,,,,,,,,,,,,,,,,,,,,,,,,,,,,,,,,,,,,,,,,,,,,,,,,,,,,,,,,,,,,,,,,,,,,,,,,,,,,,,,,,,,,,,,,,,,,,,,,,,,,,,,,,,,,,,,,,,,,,,,,,,,,,,,,,,,,,,,,,,,,,,,,,,,,,,,,,,,,,,,,,
11.50028792,0,11.44914203,0.388492565,11.29918709,0.750508639,11.06064951,1.061381384,10.7497781,1.299921406,10.38776067,1.449873933,9.999268061,1.501019898,9.610775524,1.449873885,9.248758112,1.299921363,8.937886713,1.061381348,8.699346698,0.750509949,8.549394176,0.388492537,,,,,,,,,,,,,,,,,,,,,,,,,,,,,,,,,,,,,,,,,,,,,,,,,,,,,,,,,,,,,,,,,,,,,,,,,,,,,,,,,,,,,,,,,,,,,,,,,,,,,,,,,,,,,,,,,,,,,,,,,,,,,,,,,,,,,,,,,,,,,,,,,,,,,,,,,,,,,,,,,,,,,,,,,,,,,,,,,,,,,,,,,,,,,,,,,,,,,,,,,
11.6002066,0,11.54566309,0.414299913,11.38574656,0.800364418,11.13136321,1.131888388,10.79984077,1.386274499,10.41377472,1.546188293,9.99947472,1.600731908,9.585174816,1.546188291,9.199108766,1.386274497,8.867586333,1.131888387,8.613200223,0.800365954,8.453286429,0.414299904,,,,,,,,,,,,,,,,,,,,,,,,,,,,,,,,,,,,,,,,,,,,,,,,,,,,,,,,,,,,,,,,,,,,,,,,,,,,,,,,,,,,,,,,,,,,,,,,,,,,,,,,,,,,,,,,,,,,,,,,,,,,,,,,,,,,,,,,,,,,,,,,,,,,,,,,,,,,,,,,,,,,,,,,,,,,,,,,,,,,,,,,,,,,,,,,,,,,,,,,,
11.70014823,0,11.64220435,0.440128315,11.47231912,0.850261462,11.20207604,1.202452931,10.84988574,1.472698061,10.43975143,1.642581251,9.999623,1.700525268,9.559494674,1.642581274,9.149360366,1.472698082,8.797170052,1.202452948,8.526924919,0.850262634,8.357041726,0.440128326,,,,,,,,,,,,,,,,,,,,,,,,,,,,,,,,,,,,,,,,,,,,,,,,,,,,,,,,,,,,,,,,,,,,,,,,,,,,,,,,,,,,,,,,,,,,,,,,,,,,,,,,,,,,,,,,,,,,,,,,,,,,,,,,,,,,,,,,,,,,,,,,,,,,,,,,,,,,,,,,,,,,,,,,,,,,,,,,,,,,,,,,,,,,,,,,,,,,,,,,,
11.80010634,0,11.73876009,0.465971835,11.55890093,0.900188041,11.27278827,1.273058762,10.89991799,1.559172189,10.46570135,1.739030609,9.999729412,1.800376981,9.533757561,1.739030623,9.099540921,1.559172202,8.72667064,1.273058772,8.44055721,0.90018849,8.260698789,0.465971851,,,,,,,,,,,,,,,,,,,,,,,,,,,,,,,,,,,,,,,,,,,,,,,,,,,,,,,,,,,,,,,,,,,,,,,,,,,,,,,,,,,,,,,,,,,,,,,,,,,,,,,,,,,,,,,,,,,,,,,,,,,,,,,,,,,,,,,,,,,,,,,,,,,,,,,,,,,,,,,,,,,,,,,,,,,,,,,,,,,,,,,,,,,,,,,,,,,,,,,,,
11.90007628,0,11.83532625,0.491826204,11.645489,0.950135593,11.34350005,1.343694203,10.94994113,1.645682584,10.49163206,1.835520417,9.999805797,1.900270547,9.507979588,1.835520398,9.049670523,1.645682567,8.656111607,1.34369419,8.354123229,0.950135273,8.164285399,0.491826208,,,,,,,,,,,,,,,,,,,,,,,,,,,,,,,,,,,,,,,,,,,,,,,,,,,,,,,,,,,,,,,,,,,,,,,,,,,,,,,,,,,,,,,,,,,,,,,,,,,,,,,,,,,,,,,,,,,,,,,,,,,,,,,,,,,,,,,,,,,,,,,,,,,,,,,,,,,,,,,,,,,,,,,,,,,,,,,,,,,,,,,,,,,,,,,,,,,,,,,,,
12.00005471,0,11.93189987,0.517688351,11.73208113,1.00009794,11.41421153,1.414350877,10.99995775,1.732218983,10.51754901,1.932039228,9.999860636,2.000194143,9.482172298,1.93203918,8.999763565,1.73221894,8.585509794,1.414350842,8.267641696,1.000097071,8.067821456,0.517688338,,,,,,,,,,,,,,,,,,,,,,,,,,,,,,,,,,,,,,,,,,,,,,,,,,,,,,,,,,,,,,,,,,,,,,,,,,,,,,,,,,,,,,,,,,,,,,,,,,,,,,,,,,,,,,,,,,,,,,,,,,,,,,,,,,,,,,,,,,,,,,,,,,,,,,,,,,,,,,,,,,,,,,,,,,,,,,,,,,,,,,,,,,,,,,,,,,,,,,,,,
12.10003924,0,12.02847884,0.543556073,11.81867582,1.050070702,11.4849228,1.485022783,11.04996969,1.818774037,10.54345608,2.028578847,9.999900002,2.1001393,9.456343954,2.028578789,8.949830352,1.818773986,8.514877261,1.485022741,8.181126016,1.05006965,7.971321213,0.543556048,,,,,,,,,,,,,,,,,,,,,,,,,,,,,,,,,,,,,,,,,,,,,,,,,,,,,,,,,,,,,,,,,,,,,,,,,,,,,,,,,,,,,,,,,,,,,,,,,,,,,,,,,,,,,,,,,,,,,,,,,,,,,,,,,,,,,,,,,,,,,,,,,,,,,,,,,,,,,,,,,,,,,,,,,,,,,,,,,,,,,,,,,,,,,,,,,,,,,,,,,
12.20002814,0,12.12506166,0.569427793,11.90527221,1.100050847,11.55563389,1.555705626,11.09997827,1.905342487,10.56935605,2.125133406,9.999928247,2.200099948,9.430500479,2.125133361,8.899878272,1.905342446,8.444222654,1.555705593,8.094585801,1.100049974,7.874794886,0.569427768,,,,,,,,,,,,,,,,,,,,,,,,,,,,,,,,,,,,,,,,,,,,,,,,,,,,,,,,,,,,,,,,,,,,,,,,,,,,,,,,,,,,,,,,,,,,,,,,,,,,,,,,,,,,,,,,,,,,,,,,,,,,,,,,,,,,,,,,,,,,,,,,,,,,,,,,,,,,,,,,,,,,,,,,,,,,,,,,,,,,,,,,,,,,,,,,,,,,,,,,,
12.30002018,0,12.22164724,0.595302385,11.99186983,1.15003631,11.62634487,1.626396331,11.14998441,1.991920565,10.59525091,2.221698705,9.999948502,2.300071723,9.404646135,2.221698679,8.849912641,1.991920542,8.37355219,1.626396312,8.00802796,1.150035861,7.778249823,0.595302367,,,,,,,,,,,,,,,,,,,,,,,,,,,,,,,,,,,,,,,,,,,,,,,,,,,,,,,,,,,,,,,,,,,,,,,,,,,,,,,,,,,,,,,,,,,,,,,,,,,,,,,,,,,,,,,,,,,,,,,,,,,,,,,,,,,,,,,,,,,,,,,,,,,,,,,,,,,,,,,,,,,,,,,,,,,,,,,,,,,,,,,,,,,,,,,,,,,,,,,,,
12.40001446,0,12.31823479,0.621179042,12.07846853,1.200025695,11.69705576,1.697092686,11.19998882,2.078505563,10.62114211,2.318271721,9.999963027,2.40005148,9.378783995,2.318271709,8.799937287,2.078505552,8.30287035,1.697092676,7.921457475,1.20002574,7.681691318,0.621179032,,,,,,,,,,,,,,,,,,,,,,,,,,,,,,,,,,,,,,,,,,,,,,,,,,,,,,,,,,,,,,,,,,,,,,,,,,,,,,,,,,,,,,,,,,,,,,,,,,,,,,,,,,,,,,,,,,,,,,,,,,,,,,,,,,,,,,,,,,,,,,,,,,,,,,,,,,,,,,,,,,,,,,,,,,,,,,,,,,,,,,,,,,,,,,,,,,,,,,,,,
12.50001036,0,12.41482377,0.647057185,12.16506823,1.25001803,11.76776658,1.767793094,11.24999197,2.165095526,10.64703067,2.414850275,9.99997345,2.500036955,9.352916273,2.414850261,8.749954973,2.165095513,8.232180366,1.767793084,7.834877937,1.250018477,7.585123189,0.647057177,,,,,,,,,,,,,,,,,,,,,,,,,,,,,,,,,,,,,,,,,,,,,,,,,,,,,,,,,,,,,,,,,,,,,,,,,,,,,,,,,,,,,,,,,,,,,,,,,,,,,,,,,,,,,,,,,,,,,,,,,,,,,,,,,,,,,,,,,,,,,,,,,,,,,,,,,,,,,,,,,,,,,,,,,,,,,,,,,,,,,,,,,,,,,,,,,,,,,,,,,
12.60000742,0,12.51141376,0.672936394,12.25166886,1.300012608,11.83847737,1.838496405,11.29999424,2.251689043,10.67291735,2.511432794,9.99998094,2.600026522,9.327044559,2.511432767,8.699967679,2.251689019,8.161484555,1.838496385,7.748291922,1.300013261,7.488548174,0.672936382,,,,,,,,,,,,,,,,,,,,,,,,,,,,,,,,,,,,,,,,,,,,,,,,,,,,,,,,,,,,,,,,,,,,,,,,,,,,,,,,,,,,,,,,,,,,,,,,,,,,,,,,,,,,,,,,,,,,,,,,,,,,,,,,,,,,,,,,,,,,,,,,,,,,,,,,,,,,,,,,,,,,,,,,,,,,,,,,,,,,,,,,,,,,,,,,,,,,,,,,,
12.70000531,0,12.60800449,0.698816365,12.33827028,1.350008871,11.90918813,1.90920179,11.34999587,2.338285101,10.69880269,2.608018146,9.99998633,2.700019021,9.301169985,2.608018104,8.649976819,2.338285063,8.090784571,1.909201759,7.661701267,1.35000951,7.391968226,0.698816345,,,,,,,,,,,,,,,,,,,,,,,,,,,,,,,,,,,,,,,,,,,,,,,,,,,,,,,,,,,,,,,,,,,,,,,,,,,,,,,,,,,,,,,,,,,,,,,,,,,,,,,,,,,,,,,,,,,,,,,,,,,,,,,,,,,,,,,,,,,,,,,,,,,,,,,,,,,,,,,,,,,,,,,,,,,,,,,,,,,,,,,,,,,,,,,,,,,,,,,,,
12.8000038,0,12.70459574,0.72469688,12.42487233,1.400006366,11.97989886,1.979908658,11.39999704,2.424882975,10.72468707,2.704605525,9.999990207,2.800013626,9.275293354,2.704605475,8.599983394,2.424882931,8.020081585,1.979908622,7.575107276,1.400006813,7.295384732,0.724696853,,,,,,,,,,,,,,,,,,,,,,,,,,,,,,,,,,,,,,,,,,,,,,,,,,,,,,,,,,,,,,,,,,,,,,,,,,,,,,,,,,,,,,,,,,,,,,,,,,,,,,,,,,,,,,,,,,,,,,,,,,,,,,,,,,,,,,,,,,,,,,,,,,,,,,,,,,,,,,,,,,,,,,,,,,,,,,,,,,,,,,,,,,,,,,,,,,,,,,,,,
12.90000272,0,12.80118737,0.750577784,12.51147477,1.450004713,12.05060959,2.050616592,11.44999789,2.511482155,10.75057076,2.801194359,9.999992991,2.900009751,9.249415236,2.801194315,8.549988115,2.511482116,7.94937643,2.050616561,7.488510875,1.450004876,7.198798676,0.750577755,,,,,,,,,,,,,,,,,,,,,,,,,,,,,,,,,,,,,,,,,,,,,,,,,,,,,,,,,,,,,,,,,,,,,,,,,,,,,,,,,,,,,,,,,,,,,,,,,,,,,,,,,,,,,,,,,,,,,,,,,,,,,,,,,,,,,,,,,,,,,,,,,,,,,,,,,,,,,,,,,,,,,,,,,,,,,,,,,,,,,,,,,,,,,,,,,,,,,,,,,
13.00000194,0,12.89777926,0.776458966,12.59807739,1.500003611,12.1213203,2.121325297,11.4999985,2.598082278,10.77645395,2.897784245,9.999994982,3.000006976,9.223536041,2.897784217,8.499991494,2.598082253,7.878669705,2.121325276,7.401912729,1.500003488,7.102210765,0.776458941,,,,,,,,,,,,,,,,,,,,,,,,,,,,,,,,,,,,,,,,,,,,,,,,,,,,,,,,,,,,,,,,,,,,,,,,,,,,,,,,,,,,,,,,,,,,,,,,,,,,,,,,,,,,,,,,,,,,,,,,,,,,,,,,,,,,,,,,,,,,,,,,,,,,,,,,,,,,,,,,,,,,,,,,,,,,,,,,,,,,,,,,,,,,,,,,,,,,,,,,,
13.10000139,0,12.99437135,0.802340349,12.68468002,1.550002833,12.19203099,2.192034561,11.54999894,2.684683086,10.80233677,2.994374896,9.9999964,3.100004995,9.197656067,2.994374887,8.449993902,2.684683078,7.807961846,2.192034554,7.315313322,1.550002498,7.005621513,0.802340333,,,,,,,,,,,,,,,,,,,,,,,,,,,,,,,,,,,,,,,,,,,,,,,,,,,,,,,,,,,,,,,,,,,,,,,,,,,,,,,,,,,,,,,,,,,,,,,,,,,,,,,,,,,,,,,,,,,,,,,,,,,,,,,,,,,,,,,,,,,,,,,,,,,,,,,,,,,,,,,,,,,,,,,,,,,,,,,,,,,,,,,,,,,,,,,,,,,,,,,,,
13.20000099,0,13.09096358,0.82822188,12.77128254,1.600002227,12.26274168,2.262744231,11.59999924,2.771284392,10.82821932,3.090966101,9.999997409,3.200003584,9.171775537,3.090966106,8.399995616,2.771284396,7.737253174,2.262744234,7.228713012,1.600001792,6.909031302,0.828221872,,,,,,,,,,,,,,,,,,,,,,,,,,,,,,,,,,,,,,,,,,,,,,,,,,,,,,,,,,,,,,,,,,,,,,,,,,,,,,,,,,,,,,,,,,,,,,,,,,,,,,,,,,,,,,,,,,,,,,,,,,,,,,,,,,,,,,,,,,,,,,,,,,,,,,,,,,,,,,,,,,,,,,,,,,,,,,,,,,,,,,,,,,,,,,,,,,,,,,,,,
13.3000007,0,13.1875559,0.854103518,12.85788492,1.650001708,12.33345236,2.333454193,11.64999946,2.857886055,10.85410169,3.187557706,9.999998128,3.300002577,9.145894612,3.187557716,8.34999684,2.857886064,7.666543928,2.3334542,7.142112064,1.650001289,6.812440412,0.854103516,,,,,,,,,,,,,,,,,,,,,,,,,,,,,,,,,,,,,,,,,,,,,,,,,,,,,,,,,,,,,,,,,,,,,,,,,,,,,,,,,,,,,,,,,,,,,,,,,,,,,,,,,,,,,,,,,,,,,,,,,,,,,,,,,,,,,,,,,,,,,,,,,,,,,,,,,,,,,,,,,,,,,,,,,,,,,,,,,,,,,,,,,,,,,,,,,,,,,,,,,
13.40000049,0,13.2841483,0.879985234,12.94448718,1.700001241,12.40416304,2.404164361,11.69999961,2.944487971,10.87998391,3.284149592,9.999998646,3.400001854,9.120013413,3.2841496,8.299997719,2.944487979,7.595834279,2.404164367,7.055510668,1.700000927,6.715849046,0.879985233,,,,,,,,,,,,,,,,,,,,,,,,,,,,,,,,,,,,,,,,,,,,,,,,,,,,,,,,,,,,,,,,,,,,,,,,,,,,,,,,,,,,,,,,,,,,,,,,,,,,,,,,,,,,,,,,,,,,,,,,,,,,,,,,,,,,,,,,,,,,,,,,,,,,,,,,,,,,,,,,,,,,,,,,,,,,,,,,,,,,,,,,,,,,,,,,,,,,,,,,,
13.50000034,0,13.38074075,0.905867006,13.03108938,1.750000824,12.47487372,2.474874674,11.74999972,3.031090064,10.90586605,3.380741675,9.999999023,3.500001331,9.094132021,3.380741678,8.249998357,3.031090066,7.525124348,2.474874675,6.968908957,1.750000665,6.619257345,0.905867002,,,,,,,,,,,,,,,,,,,,,,,,,,,,,,,,,,,,,,,,,,,,,,,,,,,,,,,,,,,,,,,,,,,,,,,,,,,,,,,,,,,,,,,,,,,,,,,,,,,,,,,,,,,,,,,,,,,,,,,,,,,,,,,,,,,,,,,,,,,,,,,,,,,,,,,,,,,,,,,,,,,,,,,,,,,,,,,,,,,,,,,,,,,,,,,,,,,,,,,,,
13.60000024,0,13.47733324,0.931748814,13.11769158,1.800000471,12.54558441,2.545585086,11.7999998,3.117692279,10.93174813,3.477333895,9.999999298,3.60000095,9.06825049,3.477333893,8.199998823,3.117692277,7.454414214,2.545585084,6.882307022,1.800000475,6.522665406,0.931748808,,,,,,,,,,,,,,,,,,,,,,,,,,,,,,,,,,,,,,,,,,,,,,,,,,,,,,,,,,,,,,,,,,,,,,,,,,,,,,,,,,,,,,,,,,,,,,,,,,,,,,,,,,,,,,,,,,,,,,,,,,,,,,,,,,,,,,,,,,,,,,,,,,,,,,,,,,,,,,,,,,,,,,,,,,,,,,,,,,,,,,,,,,,,,,,,,,,,,,,,,
13.70000016,0,13.57392575,0.957630649,13.20429384,1.850000201,12.61629509,2.61629557,11.84999986,3.204294582,10.95763016,3.573926213,9.999999498,3.700000675,9.042368857,3.573926209,8.149999161,3.204294578,7.383703931,2.616295567,6.79570492,1.850000337,6.42607329,0.957630641,,,,,,,,,,,,,,,,,,,,,,,,,,,,,,,,,,,,,,,,,,,,,,,,,,,,,,,,,,,,,,,,,,,,,,,,,,,,,,,,,,,,,,,,,,,,,,,,,,,,,,,,,,,,,,,,,,,,,,,,,,,,,,,,,,,,,,,,,,,,,,,,,,,,,,,,,,,,,,,,,,,,,,,,,,,,,,,,,,,,,,,,,,,,,,,,,,,,,,,,,
13.80000011,0,13.67051828,0.983512502,13.29089621,1.900000021,12.68700577,2.687006106,11.8999999,3.290896948,10.98351216,3.670518601,9.999999641,3.800000478,9.016487146,3.670518601,8.099999402,3.290896948,7.312993535,2.687006106,6.709102693,1.900000239,6.32948104,0.983512495,,,,,,,,,,,,,,,,,,,,,,,,,,,,,,,,,,,,,,,,,,,,,,,,,,,,,,,,,,,,,,,,,,,,,,,,,,,,,,,,,,,,,,,,,,,,,,,,,,,,,,,,,,,,,,,,,,,,,,,,,,,,,,,,,,,,,,,,,,,,,,,,,,,,,,,,,,,,,,,,,,,,,,,,,,,,,,,,,,,,,,,,,,,,,,,,,,,,,,,,,
13.90000007,0,13.76711083,1.009394368,13.3774987,1.94999993,12.75771645,2.757716683,11.94999993,3.377499364,11.00939413,3.767111045,9.999999739,3.90000034,8.990605375,3.767111051,8.049999569,3.37749937,7.242283052,2.757716687,6.62250037,1.95000017,6.232888688,1.009394364,,,,,,,,,,,,,,,,,,,,,,,,,,,,,,,,,,,,,,,,,,,,,,,,,,,,,,,,,,,,,,,,,,,,,,,,,,,,,,,,,,,,,,,,,,,,,,,,,,,,,,,,,,,,,,,,,,,,,,,,,,,,,,,,,,,,,,,,,,,,,,,,,,,,,,,,,,,,,,,,,,,,,,,,,,,,,,,,,,,,,,,,,,,,,,,,,,,,,,,,,
14.00000004,0,13.86370339,1.035276245,13.46410129,1.999999914,12.82842712,2.82842729,11.99999995,3.464101818,11.03527607,3.863703531,9.999999805,4.000000248,8.96472356,3.863703544,7.999999681,3.46410183,7.171572505,2.8284273,6.535897975,2.000000124,6.136296261,1.035276244,,,,,,,,,,,,,,,,,,,,,,,,,,,,,,,,,,,,,,,,,,,,,,,,,,,,,,,,,,,,,,,,,,,,,,,,,,,,,,,,,,,,,,,,,,,,,,,,,,,,,,,,,,,,,,,,,,,,,,,,,,,,,,,,,,,,,,,,,,,,,,,,,,,,,,,,,,,,,,,,,,,,,,,,,,,,,,,,,,,,,,,,,,,,,,,,,,,,,,,,,
14.10000002,0,13.96029595,1.061158131,13.55070395,2.04999995,12.8991378,2.899137922,12.04999996,3.550704302,11.06115801,3.960296051,9.999999849,4.100000185,8.938841716,3.960296067,7.949999756,3.550704316,7.100861915,2.899137934,6.449295533,2.050000093,6.039703782,1.061158133,,,,,,,,,,,,,,,,,,,,,,,,,,,,,,,,,,,,,,,,,,,,,,,,,,,,,,,,,,,,,,,,,,,,,,,,,,,,,,,,,,,,,,,,,,,,,,,,,,,,,,,,,,,,,,,,,,,,,,,,,,,,,,,,,,,,,,,,,,,,,,,,,,,,,,,,,,,,,,,,,,,,,,,,,,,,,,,,,,,,,,,,,,,,,,,,,,,,,,,,,
14.20000001,0,14.05688852,1.087040023,13.63730664,2.100000015,12.96984848,2.969848571,12.09999997,3.637306806,11.08703993,4.056888593,9.99999988,4.200000143,8.912959853,4.056888608,7.899999808,3.637306819,7.030151298,2.969848582,6.36269306,2.100000071,5.943111271,1.087040026,,,,,,,,,,,,,,,,,,,,,,,,,,,,,,,,,,,,,,,,,,,,,,,,,,,,,,,,,,,,,,,,,,,,,,,,,,,,,,,,,,,,,,,,,,,,,,,,,,,,,,,,,,,,,,,,,,,,,,,,,,,,,,,,,,,,,,,,,,,,,,,,,,,,,,,,,,,,,,,,,,,,,,,,,,,,,,,,,,,,,,,,,,,,,,,,,,,,,,,,,
14.3,0,14.15348109,1.112921921,13.72390932,2.150000083,13.04055915,3.04055923,12.14999997,3.723909323,11.11292184,4.15348115,9.999999904,4.300000111,8.887077981,4.15348116,7.849999848,3.723909332,6.959440666,3.040559237,6.276090572,2.150000055,5.846518744,1.112921923,,,,,,,,,,,,,,,,,,,,,,,,,,,,,,,,,,,,,,,,,,,,,,,,,,,,,,,,,,,,,,,,,,,,,,,,,,,,,,,,,,,,,,,,,,,,,,,,,,,,,,,,,,,,,,,,,,,,,,,,,,,,,,,,,,,,,,,,,,,,,,,,,,,,,,,,,,,,,,,,,,,,,,,,,,,,,,,,,,,,,,,,,,,,,,,,,,,,,,,,,
14.39999999,0,14.25007367,1.138803821,13.81051197,2.200000137,13.11126983,3.111269894,12.19999998,3.810511847,11.13880375,4.250073714,9.999999925,4.400000084,8.861196105,4.250073717,7.799999883,3.81051185,6.888730029,3.111269897,6.189488076,2.200000042,5.749926208,1.13880382,,,,,,,,,,,,,,,,,,,,,,,,,,,,,,,,,,,,,,,,,,,,,,,,,,,,,,,,,,,,,,,,,,,,,,,,,,,,,,,,,,,,,,,,,,,,,,,,,,,,,,,,,,,,,,,,,,,,,,,,,,,,,,,,,,,,,,,,,,,,,,,,,,,,,,,,,,,,,,,,,,,,,,,,,,,,,,,,,,,,,,,,,,,,,,,,,,,,,,,,,
14.49999999,0,14.34666624,1.164685723,13.89711457,2.250000164,13.18198051,3.18198056,12.24999998,3.897114372,11.16468567,4.34666628,9.999999945,4.500000061,8.835314227,4.346666277,7.749999915,3.89711437,6.818019387,3.181980558,6.102885576,2.25000003,5.653333668,1.164685719,,,,,,,,,,,,,,,,,,,,,,,,,,,,,,,,,,,,,,,,,,,,,,,,,,,,,,,,,,,,,,,,,,,,,,,,,,,,,,,,,,,,,,,,,,,,,,,,,,,,,,,,,,,,,,,,,,,,,,,,,,,,,,,,,,,,,,,,,,,,,,,,,,,,,,,,,,,,,,,,,,,,,,,,,,,,,,,,,,,,,,,,,,,,,,,,,,,,,,,,,
14.59999999,0,14.44325883,1.190567625,13.98371711,2.300000162,13.25269119,3.252691227,12.29999999,3.983716898,11.19056758,4.443258846,9.999999963,4.60000004,8.809432345,4.44325884,7.699999943,3.983716892,6.747308741,3.252691222,6.016283071,2.30000002,5.556741123,1.190567618,,,,,,,,,,,,,,,,,,,,,,,,,,,,,,,,,,,,,,,,,,,,,,,,,,,,,,,,,,,,,,,,,,,,,,,,,,,,,,,,,,,,,,,,,,,,,,,,,,,,,,,,,,,,,,,,,,,,,,,,,,,,,,,,,,,,,,,,,,,,,,,,,,,,,,,,,,,,,,,,,,,,,,,,,,,,,,,,,,,,,,,,,,,,,,,,,,,,,,,,,
14.69999999,0,14.53985141,1.216449526,14.07031961,2.350000134,13.32340187,3.323401893,12.34999999,4.070319424,11.2164495,4.539851413,9.999999978,4.700000023,8.783550459,4.539851406,7.649999966,4.070319418,6.676598089,3.323401888,5.929680559,2.350000012,5.460148571,1.216449518,,,,,,,,,,,,,,,,,,,,,,,,,,,,,,,,,,,,,,,,,,,,,,,,,,,,,,,,,,,,,,,,,,,,,,,,,,,,,,,,,,,,,,,,,,,,,,,,,,,,,,,,,,,,,,,,,,,,,,,,,,,,,,,,,,,,,,,,,,,,,,,,,,,,,,,,,,,,,,,,,,,,,,,,,,,,,,,,,,,,,,,,,,,,,,,,,,,,,,,,,
14.79999999,0,14.63644399,1.242331427,14.15692207,2.400000088,13.39411255,3.394112561,12.4,4.156921953,11.24233141,4.636443982,9.999999987,4.800000011,8.757668568,4.636443977,7.599999982,4.156921948,6.60588743,3.394112558,5.843078039,2.400000006,5.36355601,1.242331419,,,,,,,,,,,,,,,,,,,,,,,,,,,,,,,,,,,,,,,,,,,,,,,,,,,,,,,,,,,,,,,,,,,,,,,,,,,,,,,,,,,,,,,,,,,,,,,,,,,,,,,,,,,,,,,,,,,,,,,,,,,,,,,,,,,,,,,,,,,,,,,,,,,,,,,,,,,,,,,,,,,,,,,,,,,,,,,,,,,,,,,,,,,,,,,,,,,,,,,,,
14.89999999,0,14.73303657,1.268213329,14.24352453,2.450000035,13.46482323,3.464823232,12.45,4.243524484,11.26821332,4.733036554,9.999999993,4.900000004,8.731786671,4.733036553,7.549999991,4.243524482,6.535176762,3.464823231,5.756475511,2.450000002,5.26696344,1.268213322,,,,,,,,,,,,,,,,,,,,,,,,,,,,,,,,,,,,,,,,,,,,,,,,,,,,,,,,,,,,,,,,,,,,,,,,,,,,,,,,,,,,,,,,,,,,,,,,,,,,,,,,,,,,,,,,,,,,,,,,,,,,,,,,,,,,,,,,,,,,,,,,,,,,,,,,,,,,,,,,,,,,,,,,,,,,,,,,,,,,,,,,,,,,,,,,,,,,,,,,,
14.99999999,0,14.82962915,1.294095231,14.33012698,2.499999985,13.53553391,3.535533905,12.5,4.330127018,11.29409523,4.829629131,9.999999995,5.000000001,8.705904769,4.829629133,7.499999994,4.33012702,6.464466088,3.535533907,5.669872974,2.500000001,5.170370862,1.294095226,,,,,,,,,,,,,,,,,,,,,,,,,,,,,,,,,,,,,,,,,,,,,,,,,,,,,,,,,,,,,,,,,,,,,,,,,,,,,,,,,,,,,,,,,,,,,,,,,,,,,,,,,,,,,,,,,,,,,,,,,,,,,,,,,,,,,,,,,,,,,,,,,,,,,,,,,,,,,,,,,,,,,,,,,,,,,,,,,,,,,,,,,,,,,,,,,,,,,,,,,
15.09999999,0,14.92622173,1.319977133,14.41672946,2.549999946,13.60624458,3.606244582,12.55,4.416729556,11.31997713,4.926221711,9.999999994,5.100000001,8.680022864,4.926221715,7.449999993,4.41672956,6.393755409,3.606244585,5.583270434,2.550000001,5.073778279,1.31997713,,,,,,,,,,,,,,,,,,,,,,,,,,,,,,,,,,,,,,,,,,,,,,,,,,,,,,,,,,,,,,,,,,,,,,,,,,,,,,,,,,,,,,,,,,,,,,,,,,,,,,,,,,,,,,,,,,,,,,,,,,,,,,,,,,,,,,,,,,,,,,,,,,,,,,,,,,,,,,,,,,,,,,,,,,,,,,,,,,,,,,,,,,,,,,,,,,,,,,,,,
15.19999999,0,15.02281431,1.345859037,14.50333196,2.599999922,13.67695526,3.67695526,12.6,4.503332097,11.34585903,5.022814293,9.999999993,5.200000002,8.654140958,5.022814299,7.399999992,4.503332102,6.323044729,3.676955264,5.496667892,2.600000001,4.977185694,1.345859035,,,,,,,,,,,,,,,,,,,,,,,,,,,,,,,,,,,,,,,,,,,,,,,,,,,,,,,,,,,,,,,,,,,,,,,,,,,,,,,,,,,,,,,,,,,,,,,,,,,,,,,,,,,,,,,,,,,,,,,,,,,,,,,,,,,,,,,,,,,,,,,,,,,,,,,,,,,,,,,,,,,,,,,,,,,,,,,,,,,,,,,,,,,,,,,,,,,,,,,,,
15.29999999,0,15.11940689,1.371740942,14.58993449,2.649999915,13.74766594,3.747665939,12.65,4.589934638,11.37174094,5.119406877,9.999999993,5.300000003,8.628259053,5.119406882,7.349999992,4.589934642,6.252334051,3.747665942,5.410065351,2.650000001,4.880593111,1.37174094,,,,,,,,,,,,,,,,,,,,,,,,,,,,,,,,,,,,,,,,,,,,,,,,,,,,,,,,,,,,,,,,,,,,,,,,,,,,,,,,,,,,,,,,,,,,,,,,,,,,,,,,,,,,,,,,,,,,,,,,,,,,,,,,,,,,,,,,,,,,,,,,,,,,,,,,,,,,,,,,,,,,,,,,,,,,,,,,,,,,,,,,,,,,,,,,,,,,,,,,,
15.39999999,0,15.21599948,1.397622846,14.67653705,2.699999923,13.81837662,3.818376617,12.7,4.676537179,11.39762284,5.215999461,9.999999994,5.400000002,8.60237715,5.215999464,7.299999993,4.676537182,6.181623374,3.81837662,5.323462812,2.700000001,4.78400053,1.397622844,,,,,,,,,,,,,,,,,,,,,,,,,,,,,,,,,,,,,,,,,,,,,,,,,,,,,,,,,,,,,,,,,,,,,,,,,,,,,,,,,,,,,,,,,,,,,,,,,,,,,,,,,,,,,,,,,,,,,,,,,,,,,,,,,,,,,,,,,,,,,,,,,,,,,,,,,,,,,,,,,,,,,,,,,,,,,,,,,,,,,,,,,,,,,,,,,,,,,,,,,
15.49999999,0,15.31259206,1.423504751,14.76313962,2.74999994,13.88908729,3.889087295,12.75,4.763139719,11.42350475,5.312592043,9.999999996,5.5,8.576495248,5.312592045,7.249999996,4.763139721,6.1109127,3.889087297,5.236860276,2.75,4.687407952,1.423504748,,,,,,,,,,,,,,,,,,,,,,,,,,,,,,,,,,,,,,,,,,,,,,,,,,,,,,,,,,,,,,,,,,,,,,,,,,,,,,,,,,,,,,,,,,,,,,,,,,,,,,,,,,,,,,,,,,,,,,,,,,,,,,,,,,,,,,,,,,,,,,,,,,,,,,,,,,,,,,,,,,,,,,,,,,,,,,,,,,,,,,,,,,,,,,,,,,,,,,,,,
15.59999999,0,15.40918464,1.449386655,14.84974219,2.799999961,13.95979797,3.959797972,12.8,4.849742258,11.44938665,5.409184623,9.999999999,5.599999997,8.550613347,5.409184625,7.2,4.849742259,6.040202026,3.959797973,5.15025774,2.799999999,4.590815374,1.449386652,,,,,,,,,,,,,,,,,,,,,,,,,,,,,,,,,,,,,,,,,,,,,,,,,,,,,,,,,,,,,,,,,,,,,,,,,,,,,,,,,,,,,,,,,,,,,,,,,,,,,,,,,,,,,,,,,,,,,,,,,,,,,,,,,,,,,,,,,,,,,,,,,,,,,,,,,,,,,,,,,,,,,,,,,,,,,,,,,,,,,,,,,,,,,,,,,,,,,,,,,
15.69999999,0,15.50577722,1.475268559,14.93634477,2.849999981,14.03050865,4.030508648,12.85,4.936344796,11.47526856,5.505777203,10,5.699999995,8.524731446,5.505777205,7.150000004,4.936344797,5.969491352,4.030508649,5.063655204,2.849999998,4.494222796,1.475268556,,,,,,,,,,,,,,,,,,,,,,,,,,,,,,,,,,,,,,,,,,,,,,,,,,,,,,,,,,,,,,,,,,,,,,,,,,,,,,,,,,,,,,,,,,,,,,,,,,,,,,,,,,,,,,,,,,,,,,,,,,,,,,,,,,,,,,,,,,,,,,,,,,,,,,,,,,,,,,,,,,,,,,,,,,,,,,,,,,,,,,,,,,,,,,,,,,,,,,,,,
15.79999999,0,15.6023698,1.501150463,15.02294733,2.899999993,14.10121933,4.101219324,12.9,5.022947334,11.50115046,5.602369783,10,5.799999994,8.498849543,5.602369786,7.100000006,5.022947336,5.898780676,4.101219326,4.977052666,2.899999997,4.397630216,1.50115046,,,,,,,,,,,,,,,,,,,,,,,,,,,,,,,,,,,,,,,,,,,,,,,,,,,,,,,,,,,,,,,,,,,,,,,,,,,,,,,,,,,,,,,,,,,,,,,,,,,,,,,,,,,,,,,,,,,,,,,,,,,,,,,,,,,,,,,,,,,,,,,,,,,,,,,,,,,,,,,,,,,,,,,,,,,,,,,,,,,,,,,,,,,,,,,,,,,,,,,,,
15.89999999,0,15.69896239,1.527032366,15.10954987,2.949999994,14.17193001,4.171930001,12.95,5.109549872,11.52703237,5.698962364,10,5.899999994,8.472967638,5.698962369,7.050000005,5.109549877,5.828069997,4.171930005,4.890450125,2.949999997,4.301037633,1.527032365,,,,,,,,,,,,,,,,,,,,,,,,,,,,,,,,,,,,,,,,,,,,,,,,,,,,,,,,,,,,,,,,,,,,,,,,,,,,,,,,,,,,,,,,,,,,,,,,,,,,,,,,,,,,,,,,,,,,,,,,,,,,,,,,,,,,,,,,,,,,,,,,,,,,,,,,,,,,,,,,,,,,,,,,,,,,,,,,,,,,,,,,,,,,,,,,,,,,,,,,,
15.99999999,0,15.79555497,1.55291427,15.19615239,2.999999983,14.24264069,4.242640678,13,5.196152412,11.55291427,5.795554946,10,5.999999995,8.447085731,5.795554953,7.000000003,5.196152419,5.757359316,4.242640684,4.803847582,2.999999998,4.204445047,1.552914269,,,,,,,,,,,,,,,,,,,,,,,,,,,,,,,,,,,,,,,,,,,,,,,,,,,,,,,,,,,,,,,,,,,,,,,,,,,,,,,,,,,,,,,,,,,,,,,,,,,,,,,,,,,,,,,,,,,,,,,,,,,,,,,,,,,,,,,,,,,,,,,,,,,,,,,,,,,,,,,,,,,,,,,,,,,,,,,,,,,,,,,,,,,,,,,,,,,,,,,,,
16.09999999,0,15.89214755,1.578796174,15.28275489,3.049999956,14.31335136,4.313351357,13.05,5.282754953,11.57879618,5.89214753,9.999999998,6.099999998,8.421203823,5.892147539,6.949999999,5.282754962,5.686648634,4.313351364,4.717245036,3.049999999,4.107852459,1.578796175,,,,,,,,,,,,,,,,,,,,,,,,,,,,,,,,,,,,,,,,,,,,,,,,,,,,,,,,,,,,,,,,,,,,,,,,,,,,,,,,,,,,,,,,,,,,,,,,,,,,,,,,,,,,,,,,,,,,,,,,,,,,,,,,,,,,,,,,,,,,,,,,,,,,,,,,,,,,,,,,,,,,,,,,,,,,,,,,,,,,,,,,,,,,,,,,,,,,,,,,,
16.19999999,0,15.98874013,1.604678078,15.36935736,3.099999914,14.38406204,4.384062037,13.1,5.369357496,11.60467808,5.988740115,9.999999995,6.200000001,8.395321915,5.988740124,6.899999994,5.369357505,5.615937951,4.384062044,4.63064249,3.100000001,4.011259871,1.60467808,,,,,,,,,,,,,,,,,,,,,,,,,,,,,,,,,,,,,,,,,,,,,,,,,,,,,,,,,,,,,,,,,,,,,,,,,,,,,,,,,,,,,,,,,,,,,,,,,,,,,,,,,,,,,,,,,,,,,,,,,,,,,,,,,,,,,,,,,,,,,,,,,,,,,,,,,,,,,,,,,,,,,,,,,,,,,,,,,,,,,,,,,,,,,,,,,,,,,,,,,
16.29999999,0,16.08533271,1.630559983,15.4559598,3.149999855,14.45477272,4.454772718,13.15,5.455960039,11.63055998,6.085332701,9.999999993,6.300000004,8.369440008,6.08533271,6.849999991,5.455960048,5.545227268,4.454772724,4.544039945,3.150000002,3.914667283,1.630559985,,,,,,,,,,,,,,,,,,,,,,,,,,,,,,,,,,,,,,,,,,,,,,,,,,,,,,,,,,,,,,,,,,,,,,,,,,,,,,,,,,,,,,,,,,,,,,,,,,,,,,,,,,,,,,,,,,,,,,,,,,,,,,,,,,,,,,,,,,,,,,,,,,,,,,,,,,,,,,,,,,,,,,,,,,,,,,,,,,,,,,,,,,,,,,,,,,,,,,,,,
16.39999999,0,16.18192529,1.656441889,15.5425622,3.199999776,14.52548339,4.525483398,13.2,5.542562583,11.65644188,6.181925286,9.999999992,6.400000006,8.343558102,6.181925294,6.799999989,5.54256259,5.474516588,4.525483404,4.457437402,3.200000003,3.818074698,1.65644189,,,,,,,,,,,,,,,,,,,,,,,,,,,,,,,,,,,,,,,,,,,,,,,,,,,,,,,,,,,,,,,,,,,,,,,,,,,,,,,,,,,,,,,,,,,,,,,,,,,,,,,,,,,,,,,,,,,,,,,,,,,,,,,,,,,,,,,,,,,,,,,,,,,,,,,,,,,,,,,,,,,,,,,,,,,,,,,,,,,,,,,,,,,,,,,,,,,,,,,,,
16.49999999,0,16.27851788,1.682323794,15.62916456,3.249999672,14.59619407,4.596194078,13.24999999,5.629165125,11.68232379,6.278517872,9.999999992,6.500000007,8.317676197,6.278517878,6.749999988,5.629165131,5.403805909,4.596194083,4.370834861,3.250000003,3.721482114,1.682323795,,,,,,,,,,,,,,,,,,,,,,,,,,,,,,,,,,,,,,,,,,,,,,,,,,,,,,,,,,,,,,,,,,,,,,,,,,,,,,,,,,,,,,,,,,,,,,,,,,,,,,,,,,,,,,,,,,,,,,,,,,,,,,,,,,,,,,,,,,,,,,,,,,,,,,,,,,,,,,,,,,,,,,,,,,,,,,,,,,,,,,,,,,,,,,,,,,,,,,,,,
16.59999999,0,16.37511046,1.708205699,15.71576686,3.299999535,14.66690475,4.666904757,13.29999999,5.715767667,11.70820569,6.375110456,9.999999993,6.600000007,8.291794294,6.37511046,6.69999999,5.715767671,5.333095232,4.66690476,4.284232322,3.300000003,3.624889533,1.708205699,,,,,,,,,,,,,,,,,,,,,,,,,,,,,,,,,,,,,,,,,,,,,,,,,,,,,,,,,,,,,,,,,,,,,,,,,,,,,,,,,,,,,,,,,,,,,,,,,,,,,,,,,,,,,,,,,,,,,,,,,,,,,,,,,,,,,,,,,,,,,,,,,,,,,,,,,,,,,,,,,,,,,,,,,,,,,,,,,,,,,,,,,,,,,,,,,,,,,,,,,
16.69999999,0,16.47170304,1.734087604,15.80236908,3.349999351,14.73761543,4.737615436,13.34999999,5.802370208,11.7340876,6.471703039,9.999999995,6.700000005,8.265912391,6.471703041,6.649999992,5.80237021,5.262384557,4.737615438,4.197629785,3.350000003,3.528296953,1.734087604,,,,,,,,,,,,,,,,,,,,,,,,,,,,,,,,,,,,,,,,,,,,,,,,,,,,,,,,,,,,,,,,,,,,,,,,,,,,,,,,,,,,,,,,,,,,,,,,,,,,,,,,,,,,,,,,,,,,,,,,,,,,,,,,,,,,,,,,,,,,,,,,,,,,,,,,,,,,,,,,,,,,,,,,,,,,,,,,,,,,,,,,,,,,,,,,,,,,,,,,,
16.79999999,0,16.56829562,1.759969509,15.88897119,3.3999991,14.80832611,4.808326113,13.4,5.888972747,11.7599695,6.568295621,9.999999997,6.800000004,8.240030489,6.568295622,6.599999995,5.888972749,5.191673882,4.808326115,4.111027248,3.400000002,3.431704374,1.759969508,,,,,,,,,,,,,,,,,,,,,,,,,,,,,,,,,,,,,,,,,,,,,,,,,,,,,,,,,,,,,,,,,,,,,,,,,,,,,,,,,,,,,,,,,,,,,,,,,,,,,,,,,,,,,,,,,,,,,,,,,,,,,,,,,,,,,,,,,,,,,,,,,,,,,,,,,,,,,,,,,,,,,,,,,,,,,,,,,,,,,,,,,,,,,,,,,,,,,,,,,
16.89999999,0,16.66488821,1.785851413,15.97557313,3.449998756,14.87903679,4.879036791,13.45,5.975575287,11.78585141,6.664888202,9.999999998,6.900000002,8.214148587,6.664888203,6.549999997,5.975575288,5.120963207,4.879036792,4.02442471,3.450000001,3.335111795,1.785851412,,,,,,,,,,,,,,,,,,,,,,,,,,,,,,,,,,,,,,,,,,,,,,,,,,,,,,,,,,,,,,,,,,,,,,,,,,,,,,,,,,,,,,,,,,,,,,,,,,,,,,,,,,,,,,,,,,,,,,,,,,,,,,,,,,,,,,,,,,,,,,,,,,,,,,,,,,,,,,,,,,,,,,,,,,,,,,,,,,,,,,,,,,,,,,,,,,,,,,,,,
17,0,16.76148079,1.811733317,16.06217484,3.499998278,14.94974747,4.949747468,13.5,6.062177826,11.81173331,6.761480783,9.999999999,7.000000001,8.188266684,6.761480785,6.499999999,6.062177827,5.050252531,4.949747469,3.937822172,3.5,3.238519215,1.811733316,,,,,,,,,,,,,,,,,,,,,,,,,,,,,,,,,,,,,,,,,,,,,,,,,,,,,,,,,,,,,,,,,,,,,,,,,,,,,,,,,,,,,,,,,,,,,,,,,,,,,,,,,,,,,,,,,,,,,,,,,,,,,,,,,,,,,,,,,,,,,,,,,,,,,,,,,,,,,,,,,,,,,,,,,,,,,,,,,,,,,,,,,,,,,,,,,,,,,,,,,
17.1,0,16.85807337,1.837615221,16.14877623,3.549997612,15.02045814,5.020458145,13.55,6.148780365,11.83761522,6.858073365,10,7.1,8.16238478,6.858073367,6.45,6.148780367,4.979541853,5.020458147,3.851219633,3.55,3.141926633,1.83761522,,,,,,,,,,,,,,,,,,,,,,,,,,,,,,,,,,,,,,,,,,,,,,,,,,,,,,,,,,,,,,,,,,,,,,,,,,,,,,,,,,,,,,,,,,,,,,,,,,,,,,,,,,,,,,,,,,,,,,,,,,,,,,,,,,,,,,,,,,,,,,,,,,,,,,,,,,,,,,,,,,,,,,,,,,,,,,,,,,,,,,,,,,,,,,,,,,,,,,,,,
17.2,0,16.95466595,1.863497126,16.23537716,3.599996683,15.09116882,5.091168823,13.6,6.235382905,11.86349712,6.954665947,10,7.2,8.136502875,6.954665949,6.4,6.235382907,4.908831175,5.091168825,3.764617093,3.6,3.045334051,1.863497125,,,,,,,,,,,,,,,,,,,,,,,,,,,,,,,,,,,,,,,,,,,,,,,,,,,,,,,,,,,,,,,,,,,,,,,,,,,,,,,,,,,,,,,,,,,,,,,,,,,,,,,,,,,,,,,,,,,,,,,,,,,,,,,,,,,,,,,,,,,,,,,,,,,,,,,,,,,,,,,,,,,,,,,,,,,,,,,,,,,,,,,,,,,,,,,,,,,,,,,,,
17.3,0,17.05125854,1.88937903,16.32197746,3.649995385,15.1618795,5.161879501,13.65,6.321985445,11.88937903,7.051258529,10,7.300000001,8.11062097,7.051258532,6.349999999,6.321985448,4.838120497,5.161879503,3.678014552,3.65,2.948741467,1.889379029,,,,,,,,,,,,,,,,,,,,,,,,,,,,,,,,,,,,,,,,,,,,,,,,,,,,,,,,,,,,,,,,,,,,,,,,,,,,,,,,,,,,,,,,,,,,,,,,,,,,,,,,,,,,,,,,,,,,,,,,,,,,,,,,,,,,,,,,,,,,,,,,,,,,,,,,,,,,,,,,,,,,,,,,,,,,,,,,,,,,,,,,,,,,,,,,,,,,,,,,,
17.4,0,17.14785112,1.915260934,16.40857686,3.699993574,15.23259018,5.232590179,13.7,6.408587986,11.91526093,7.147851112,9.999999999,7.400000001,8.084739065,7.147851116,6.299999999,6.408587989,4.767409818,5.232590182,3.59141201,3.700000001,2.852148884,1.915260934,,,,,,,,,,,,,,,,,,,,,,,,,,,,,,,,,,,,,,,,,,,,,,,,,,,,,,,,,,,,,,,,,,,,,,,,,,,,,,,,,,,,,,,,,,,,,,,,,,,,,,,,,,,,,,,,,,,,,,,,,,,,,,,,,,,,,,,,,,,,,,,,,,,,,,,,,,,,,,,,,,,,,,,,,,,,,,,,,,,,,,,,,,,,,,,,,,,,,,,,,
17.5,0,17.2444437,1.941142839,16.49517502,3.749991047,15.30330086,5.303300858,13.75,6.495190527,11.94114284,7.244443696,9.999999999,7.500000001,8.05885716,7.244443699,6.249999998,6.49519053,4.696699139,5.30330086,3.504809469,3.750000001,2.7555563,1.941142839,,,,,,,,,,,,,,,,,,,,,,,,,,,,,,,,,,,,,,,,,,,,,,,,,,,,,,,,,,,,,,,,,,,,,,,,,,,,,,,,,,,,,,,,,,,,,,,,,,,,,,,,,,,,,,,,,,,,,,,,,,,,,,,,,,,,,,,,,,,,,,,,,,,,,,,,,,,,,,,,,,,,,,,,,,,,,,,,,,,,,,,,,,,,,,,,,,,,,,,,,
17.6,0,17.34103628,1.967024743,16.58177146,3.799987524,15.37401153,5.374011536,13.8,6.581793068,11.96702474,7.341036279,9.999999999,7.600000002,8.032975256,7.341036281,6.199999998,6.58179307,4.625988461,5.374011538,3.418206929,3.800000001,2.658963718,1.967024743,,,,,,,,,,,,,,,,,,,,,,,,,,,,,,,,,,,,,,,,,,,,,,,,,,,,,,,,,,,,,,,,,,,,,,,,,,,,,,,,,,,,,,,,,,,,,,,,,,,,,,,,,,,,,,,,,,,,,,,,,,,,,,,,,,,,,,,,,,,,,,,,,,,,,,,,,,,,,,,,,,,,,,,,,,,,,,,,,,,,,,,,,,,,,,,,,,,,,,,,,
17.7,0,17.43762887,1.992906648,16.66836549,3.849982611,15.44472221,5.444722215,13.85,6.668395609,11.99290665,7.437628862,9.999999999,7.700000001,8.007093352,7.437628864,6.149999999,6.66839561,4.555277783,5.444722216,3.331604389,3.850000001,2.562371135,1.992906648,,,,,,,,,,,,,,,,,,,,,,,,,,,,,,,,,,,,,,,,,,,,,,,,,,,,,,,,,,,,,,,,,,,,,,,,,,,,,,,,,,,,,,,,,,,,,,,,,,,,,,,,,,,,,,,,,,,,,,,,,,,,,,,,,,,,,,,,,,,,,,,,,,,,,,,,,,,,,,,,,,,,,,,,,,,,,,,,,,,,,,,,,,,,,,,,,,,,,,,,,
17.8,0,17.53422145,2.018788553,16.75495617,3.899975764,15.51543289,5.515432893,13.9,6.754998149,12.01878855,7.534221444,10,7.800000001,7.981211448,7.534221446,6.099999999,6.75499815,4.484567106,5.515432894,3.24500185,3.9,2.465778554,2.018788552,,,,,,,,,,,,,,,,,,,,,,,,,,,,,,,,,,,,,,,,,,,,,,,,,,,,,,,,,,,,,,,,,,,,,,,,,,,,,,,,,,,,,,,,,,,,,,,,,,,,,,,,,,,,,,,,,,,,,,,,,,,,,,,,,,,,,,,,,,,,,,,,,,,,,,,,,,,,,,,,,,,,,,,,,,,,,,,,,,,,,,,,,,,,,,,,,,,,,,,,,
17.9,0,17.63081403,2.044670457,16.84154219,3.949966223,15.58614357,5.586143571,13.95,6.841600689,12.04467045,7.630814027,10,7.9,7.955329544,7.630814028,6.05,6.84160069,4.413856429,5.586143572,3.158399311,3.95,2.369185973,2.044670456,,,,,,,,,,,,,,,,,,,,,,,,,,,,,,,,,,,,,,,,,,,,,,,,,,,,,,,,,,,,,,,,,,,,,,,,,,,,,,,,,,,,,,,,,,,,,,,,,,,,,,,,,,,,,,,,,,,,,,,,,,,,,,,,,,,,,,,,,,,,,,,,,,,,,,,,,,,,,,,,,,,,,,,,,,,,,,,,,,,,,,,,,,,,,,,,,,,,,,,,,
18,0,17.72740661,2.070552362,16.9281217,3.999952927,15.65685425,5.656854248,14,6.928203229,12.07055236,7.727406609,10,7.999999999,7.929447641,7.72740661,6.000000002,6.92820323,4.343145752,5.656854249,3.071796771,4,2.272593391,2.070552361,,,,,,,,,,,,,,,,,,,,,,,,,,,,,,,,,,,,,,,,,,,,,,,,,,,,,,,,,,,,,,,,,,,,,,,,,,,,,,,,,,,,,,,,,,,,,,,,,,,,,,,,,,,,,,,,,,,,,,,,,,,,,,,,,,,,,,,,,,,,,,,,,,,,,,,,,,,,,,,,,,,,,,,,,,,,,,,,,,,,,,,,,,,,,,,,,,,,,,,,,
18.1,0,17.8239992,2.096434266,17.01469215,4.049934401,15.72756493,5.727564926,14.05,7.014805768,12.09643427,7.823999191,10,8.099999999,7.903565737,7.823999192,5.950000002,7.01480577,4.272435075,5.727564927,2.985194232,4.049999999,2.17600081,2.096434265,,,,,,,,,,,,,,,,,,,,,,,,,,,,,,,,,,,,,,,,,,,,,,,,,,,,,,,,,,,,,,,,,,,,,,,,,,,,,,,,,,,,,,,,,,,,,,,,,,,,,,,,,,,,,,,,,,,,,,,,,,,,,,,,,,,,,,,,,,,,,,,,,,,,,,,,,,,,,,,,,,,,,,,,,,,,,,,,,,,,,,,,,,,,,,,,,,,,,,,,,
18.2,0,17.92059178,2.12231617,17.10124998,4.099908585,15.7982756,5.798275603,14.1,7.101408308,12.12231617,7.920591772,10,8.199999999,7.877683832,7.920591774,5.900000003,7.10140831,4.201724397,5.798275605,2.898591692,4.099999999,2.079408228,2.122316169,,,,,,,,,,,,,,,,,,,,,,,,,,,,,,,,,,,,,,,,,,,,,,,,,,,,,,,,,,,,,,,,,,,,,,,,,,,,,,,,,,,,,,,,,,,,,,,,,,,,,,,,,,,,,,,,,,,,,,,,,,,,,,,,,,,,,,,,,,,,,,,,,,,,,,,,,,,,,,,,,,,,,,,,,,,,,,,,,,,,,,,,,,,,,,,,,,,,,,,,,
18.3,0,18.01718436,2.148198074,17.18779021,4.149872613,15.86898628,5.868986281,14.15,7.188010848,12.14819807,8.017184355,10,8.299999999,7.851801928,8.017184357,5.850000002,7.18801085,4.131013719,5.868986283,2.811989151,4.149999999,1.982815645,2.148198074,,,,,,,,,,,,,,,,,,,,,,,,,,,,,,,,,,,,,,,,,,,,,,,,,,,,,,,,,,,,,,,,,,,,,,,,,,,,,,,,,,,,,,,,,,,,,,,,,,,,,,,,,,,,,,,,,,,,,,,,,,,,,,,,,,,,,,,,,,,,,,,,,,,,,,,,,,,,,,,,,,,,,,,,,,,,,,,,,,,,,,,,,,,,,,,,,,,,,,,,,
18.4,0,18.11377694,2.174079979,17.27430593,4.199822488,15.93969696,5.939696959,14.2,7.274613389,12.17407998,8.113776937,10,8.399999999,7.825920023,8.11377694,5.800000002,7.274613391,4.06030304,5.939696961,2.72538661,4.199999999,1.886223061,2.174079979,,,,,,,,,,,,,,,,,,,,,,,,,,,,,,,,,,,,,,,,,,,,,,,,,,,,,,,,,,,,,,,,,,,,,,,,,,,,,,,,,,,,,,,,,,,,,,,,,,,,,,,,,,,,,,,,,,,,,,,,,,,,,,,,,,,,,,,,,,,,,,,,,,,,,,,,,,,,,,,,,,,,,,,,,,,,,,,,,,,,,,,,,,,,,,,,,,,,,,,,,
18.5,0,18.21036953,2.199961883,17.36078749,4.24975264,16.01040764,6.010407638,14.25,7.361215929,12.19996188,8.21036952,10,8.5,7.800038117,8.210369523,5.750000001,7.361215932,3.989592361,6.01040764,2.638784069,4.25,1.789630478,2.199961883,,,,,,,,,,,,,,,,,,,,,,,,,,,,,,,,,,,,,,,,,,,,,,,,,,,,,,,,,,,,,,,,,,,,,,,,,,,,,,,,,,,,,,,,,,,,,,,,,,,,,,,,,,,,,,,,,,,,,,,,,,,,,,,,,,,,,,,,,,,,,,,,,,,,,,,,,,,,,,,,,,,,,,,,,,,,,,,,,,,,,,,,,,,,,,,,,,,,,,,,,
18.6,0,18.30696211,2.225843787,17.44722145,4.299655308,16.08111832,6.081118316,14.3,7.44781847,12.22584379,8.306962103,10,8.6,7.774156212,8.306962106,5.7,7.447818473,3.918881681,6.081118318,2.552181527,4.3,1.693037893,2.225843788,,,,,,,,,,,,,,,,,,,,,,,,,,,,,,,,,,,,,,,,,,,,,,,,,,,,,,,,,,,,,,,,,,,,,,,,,,,,,,,,,,,,,,,,,,,,,,,,,,,,,,,,,,,,,,,,,,,,,,,,,,,,,,,,,,,,,,,,,,,,,,,,,,,,,,,,,,,,,,,,,,,,,,,,,,,,,,,,,,,,,,,,,,,,,,,,,,,,,,,,,
18.7,0,18.40355469,2.251725692,17.53358907,4.349519677,16.15182899,6.151828995,14.35,7.534421011,12.25172569,8.403554687,9.999999999,8.700000001,7.748274307,8.40355469,5.649999999,7.534421014,3.848171002,6.151828997,2.465578985,4.350000001,1.596445309,2.251725693,,,,,,,,,,,,,,,,,,,,,,,,,,,,,,,,,,,,,,,,,,,,,,,,,,,,,,,,,,,,,,,,,,,,,,,,,,,,,,,,,,,,,,,,,,,,,,,,,,,,,,,,,,,,,,,,,,,,,,,,,,,,,,,,,,,,,,,,,,,,,,,,,,,,,,,,,,,,,,,,,,,,,,,,,,,,,,,,,,,,,,,,,,,,,,,,,,,,,,,,,
18.8,0,18.50014727,2.277607597,17.61986426,4.399330679,16.22253967,6.222539673,14.4,7.621023552,12.2776076,8.50014727,9.999999999,8.800000002,7.722392401,8.500147273,5.599999998,7.621023555,3.777460323,6.222539676,2.378976444,4.400000001,1.499852726,2.277607597,,,,,,,,,,,,,,,,,,,,,,,,,,,,,,,,,,,,,,,,,,,,,,,,,,,,,,,,,,,,,,,,,,,,,,,,,,,,,,,,,,,,,,,,,,,,,,,,,,,,,,,,,,,,,,,,,,,,,,,,,,,,,,,,,,,,,,,,,,,,,,,,,,,,,,,,,,,,,,,,,,,,,,,,,,,,,,,,,,,,,,,,,,,,,,,,,,,,,,,,,
18.9,0,18.59673986,2.303489501,17.70601063,4.449067312,16.29325035,6.293250352,14.45,7.707626093,12.3034895,8.596739853,9.999999999,8.900000002,7.696510497,8.596739856,5.549999998,7.707626095,3.706749645,6.293250354,2.292373903,4.450000001,1.403260143,2.303489502,,,,,,,,,,,,,,,,,,,,,,,,,,,,,,,,,,,,,,,,,,,,,,,,,,,,,,,,,,,,,,,,,,,,,,,,,,,,,,,,,,,,,,,,,,,,,,,,,,,,,,,,,,,,,,,,,,,,,,,,,,,,,,,,,,,,,,,,,,,,,,,,,,,,,,,,,,,,,,,,,,,,,,,,,,,,,,,,,,,,,,,,,,,,,,,,,,,,,,,,,
19,0,18.69333244,2.329371406,17.79197751,4.498700312,16.36396103,6.363961031,14.5,7.794228634,12.3293714,8.693332437,9.999999999,9.000000002,7.670628592,8.693332439,5.499999997,7.794228636,3.636038966,6.363961032,2.205771363,4.500000001,1.30666756,2.329371406,,,,,,,,,,,,,,,,,,,,,,,,,,,,,,,,,,,,,,,,,,,,,,,,,,,,,,,,,,,,,,,,,,,,,,,,,,,,,,,,,,,,,,,,,,,,,,,,,,,,,,,,,,,,,,,,,,,,,,,,,,,,,,,,,,,,,,,,,,,,,,,,,,,,,,,,,,,,,,,,,,,,,,,,,,,,,,,,,,,,,,,,,,,,,,,,,,,,,,,,,
19.1,0,18.78992502,2.355253311,17.87769426,4.548188904,16.43467171,6.434671709,14.55,7.880831175,12.35525331,8.78992502,9.999999999,9.100000002,7.644746688,8.789925021,5.449999998,7.880831176,3.565328288,6.43467171,2.119168823,4.550000001,1.210074978,2.355253311,,,,,,,,,,,,,,,,,,,,,,,,,,,,,,,,,,,,,,,,,,,,,,,,,,,,,,,,,,,,,,,,,,,,,,,,,,,,,,,,,,,,,,,,,,,,,,,,,,,,,,,,,,,,,,,,,,,,,,,,,,,,,,,,,,,,,,,,,,,,,,,,,,,,,,,,,,,,,,,,,,,,,,,,,,,,,,,,,,,,,,,,,,,,,,,,,,,,,,,,,
19.2,0,18.8865176,2.381135215,17.96306247,4.597476262,16.50538239,6.505382387,14.6,7.967433715,12.38113521,8.886517602,9.999999999,9.200000002,7.618864784,8.886517604,5.399999998,7.967433716,3.494617611,6.505382388,2.032566283,4.600000001,1.113482396,2.381135215,,,,,,,,,,,,,,,,,,,,,,,,,,,,,,,,,,,,,,,,,,,,,,,,,,,,,,,,,,,,,,,,,,,,,,,,,,,,,,,,,,,,,,,,,,,,,,,,,,,,,,,,,,,,,,,,,,,,,,,,,,,,,,,,,,,,,,,,,,,,,,,,,,,,,,,,,,,,,,,,,,,,,,,,,,,,,,,,,,,,,,,,,,,,,,,,,,,,,,,,,
19.3,0,18.98311019,2.40701712,18.04794499,4.646483205,16.57609306,6.576093065,14.65,8.054036256,12.40701712,8.983110185,9.999999999,9.300000001,7.59298288,8.983110186,5.349999999,8.054036256,3.423906933,6.576093066,1.945963743,4.650000001,1.016889814,2.40701712,,,,,,,,,,,,,,,,,,,,,,,,,,,,,,,,,,,,,,,,,,,,,,,,,,,,,,,,,,,,,,,,,,,,,,,,,,,,,,,,,,,,,,,,,,,,,,,,,,,,,,,,,,,,,,,,,,,,,,,,,,,,,,,,,,,,,,,,,,,,,,,,,,,,,,,,,,,,,,,,,,,,,,,,,,,,,,,,,,,,,,,,,,,,,,,,,,,,,,,,,
19.4,0,19.07970277,2.432899024,18.13215069,4.695099392,16.64680374,6.646803743,14.7,8.140638796,12.43289902,9.079702767,10,9.400000001,7.567100976,9.079702768,5.299999999,8.140638796,3.353196256,6.646803744,1.859361203,4.700000001,0.920297232,2.432899024,,,,,,,,,,,,,,,,,,,,,,,,,,,,,,,,,,,,,,,,,,,,,,,,,,,,,,,,,,,,,,,,,,,,,,,,,,,,,,,,,,,,,,,,,,,,,,,,,,,,,,,,,,,,,,,,,,,,,,,,,,,,,,,,,,,,,,,,,,,,,,,,,,,,,,,,,,,,,,,,,,,,,,,,,,,,,,,,,,,,,,,,,,,,,,,,,,,,,,,,,
19.5,0,19.17629535,2.458780929,18.21541328,4.743171068,16.71751442,6.717514421,14.75,8.227241336,12.45878093,9.17629535,10,9.500000001,7.541219072,9.17629535,5.25,8.227241337,3.282485578,6.717514422,1.772758664,4.75,0.82370465,2.458780929,,,,,,,,,,,,,,,,,,,,,,,,,,,,,,,,,,,,,,,,,,,,,,,,,,,,,,,,,,,,,,,,,,,,,,,,,,,,,,,,,,,,,,,,,,,,,,,,,,,,,,,,,,,,,,,,,,,,,,,,,,,,,,,,,,,,,,,,,,,,,,,,,,,,,,,,,,,,,,,,,,,,,,,,,,,,,,,,,,,,,,,,,,,,,,,,,,,,,,,,,
19.6,0,19.27288793,2.484662833,18.29736163,4.790483973,16.7882251,6.788225099,14.8,8.313843876,12.48466283,9.272887932,10,9.6,7.515337167,9.272887933,5.2,8.313843877,3.2117749,6.7882251,1.686156123,4.8,0.727112067,2.484662833,,,,,,,,,,,,,,,,,,,,,,,,,,,,,,,,,,,,,,,,,,,,,,,,,,,,,,,,,,,,,,,,,,,,,,,,,,,,,,,,,,,,,,,,,,,,,,,,,,,,,,,,,,,,,,,,,,,,,,,,,,,,,,,,,,,,,,,,,,,,,,,,,,,,,,,,,,,,,,,,,,,,,,,,,,,,,,,,,,,,,,,,,,,,,,,,,,,,,,,,,
19.7,0,19.36948052,2.510544738,18.37747863,4.836739541,16.85893578,6.858935777,14.85,8.400446416,12.51054474,9.369480514,10,9.7,7.489455263,9.369480515,5.15,8.400446417,3.141064223,6.858935778,1.599553584,4.85,0.630519485,2.510544738,,,,,,,,,,,,,,,,,,,,,,,,,,,,,,,,,,,,,,,,,,,,,,,,,,,,,,,,,,,,,,,,,,,,,,,,,,,,,,,,,,,,,,,,,,,,,,,,,,,,,,,,,,,,,,,,,,,,,,,,,,,,,,,,,,,,,,,,,,,,,,,,,,,,,,,,,,,,,,,,,,,,,,,,,,,,,,,,,,,,,,,,,,,,,,,,,,,,,,,,,
19.8,0,19.4660731,2.536426642,18.45504365,4.881521726,16.92964646,6.929646455,14.9,8.487048957,12.53642664,9.466073097,10,9.8,7.463573358,9.466073098,5.1,8.487048957,3.070353544,6.929646456,1.512951043,4.9,0.533926902,2.536426642,,,,,,,,,,,,,,,,,,,,,,,,,,,,,,,,,,,,,,,,,,,,,,,,,,,,,,,,,,,,,,,,,,,,,,,,,,,,,,,,,,,,,,,,,,,,,,,,,,,,,,,,,,,,,,,,,,,,,,,,,,,,,,,,,,,,,,,,,,,,,,,,,,,,,,,,,,,,,,,,,,,,,,,,,,,,,,,,,,,,,,,,,,,,,,,,,,,,,,,,,
19.9,0,19.56266568,2.562308547,18.52905252,4.924250768,17.00035713,7.000357133,14.95,8.573651497,12.56230855,9.562665679,10,9.900000001,7.437691454,9.562665681,5.05,8.573651498,2.999642866,7.000357134,1.426348503,4.95,0.43733432,2.562308547,,,,,,,,,,,,,,,,,,,,,,,,,,,,,,,,,,,,,,,,,,,,,,,,,,,,,,,,,,,,,,,,,,,,,,,,,,,,,,,,,,,,,,,,,,,,,,,,,,,,,,,,,,,,,,,,,,,,,,,,,,,,,,,,,,,,,,,,,,,,,,,,,,,,,,,,,,,,,,,,,,,,,,,,,,,,,,,,,,,,,,,,,,,,,,,,,,,,,,,,,
20,0,19.65925826,2.588190451,18.59810595,4.964118785,17.07106781,7.071067812,15,8.660254038,12.58819045,9.659258263,10,10,7.411809549,9.659258263,5,8.660254038,2.928932188,7.071067812,1.339745962,5,0.340741737,2.588190451,,,,,,,,,,,,,,,,,,,,,,,,,,,,,,,,,,,,,,,,,,,,,,,,,,,,,,,,,,,,,,,,,,,,,,,,,,,,,,,,,,,,,,,,,,,,,,,,,,,,,,,,,,,,,,,,,,,,,,,,,,,,,,,,,,,,,,,,,,,,,,,,,,,,,,,,,,,,,,,,,,,,,,,,,,,,,,,,,,,,,,,,,,,,,,,,,,,,,,,,,
